archive_path	object	set0_channels	set0_samples	set0_compression	set0_frame_bytes	set0_sample_bytes	set0_facing_channels	set1_channels	set1_samples	set1_compression	set1_frame_bytes	set1_sample_bytes	set1_facing_channels	overlap_channels
charsys/grim/anims/editor/gen/grim_idle_ui.acp	grim_idle_ui	39	373	1	196	73108	0	18	1	1	112	112	0	0
charsys/nu_metal/anims/editor/gen/nu_idle_ui.acp	nu_idle_ui	50	229	1	282	64578	0	9	1	1	42	42	0	0
charsys/nu_metal/anims/gen/nu_walk_normal_right_medium.acp	nu_walk_normal_right_medium	27	101	1	192	19392	2	34	1	1	146	146	0	0
charsys/nu_metal/anims/gen/nu_walk_normal_forward_fast.acp	nu_walk_normal_forward_fast	27	129	1	192	24768	2	34	1	1	146	146	0	0
charsys/nu_metal/anims/gen/nu_walk_forward_medium.acp	nu_walk_forward_medium	27	157	1	192	30144	2	34	1	1	146	146	0	0
charsys/nu_metal/anims/gen/nu_turn_right_180_fast.acp	nu_turn_right_180_fast	26	109	1	184	20056	2	35	1	1	154	154	0	0
charsys/nu_metal/anims/gen/nu_turn_right_135_medium.acp	nu_turn_right_135_medium	25	77	1	176	13552	2	36	1	1	162	162	0	0
charsys/nu_metal/anims/gen/nu_stop_right_90_fast.acp	nu_stop_right_90_fast	30	75	1	210	15750	2	31	1	1	128	128	0	0
charsys/nu_metal/anims/gen/nu_stop_right_45_medium.acp	nu_stop_right_45_medium	27	96	1	192	18432	2	34	1	1	146	146	0	0
charsys/nu_metal/anims/gen/nu_stop_left_45_fast.acp	nu_stop_left_45_fast	29	68	1	202	13736	2	32	1	1	136	136	0	0
charsys/nu_metal/anims/gen/nu_idle_medium.acp	nu_idle_medium	26	153	1	190	29070	2	35	1	1	148	148	0	0
charsys/nu_metal/anims/gen/nu_turn_right_180_medium.acp	nu_turn_right_180_medium	25	105	1	176	18480	2	36	1	1	162	162	0	0
charsys/nu_metal/anims/gen/nu_stop_right_90_medium.acp	nu_stop_right_90_medium	27	94	1	192	18048	2	34	1	1	146	146	0	0
charsys/nu_metal/anims/gen/nu_turn_forward_fast.acp	nu_turn_forward_fast	29	81	1	202	16362	2	32	1	1	136	136	0	0
charsys/nu_metal/anims/gen/nu_turn_left_45_medium.acp	nu_turn_left_45_medium	27	89	1	192	17088	2	34	1	1	146	146	0	0
charsys/nu_metal/anims/gen/nu_stop_forward_medium.acp	nu_stop_forward_medium	27	90	1	192	17280	2	34	1	1	146	146	0	0
charsys/nu_metal/anims/gen/nu_stop_right_135_fast.acp	nu_stop_right_135_fast	25	76	1	176	13376	2	36	1	1	162	162	0	0
charsys/nu_metal/anims/gen/nu_turn_left_90_medium.acp	nu_turn_left_90_medium	27	86	1	192	16512	2	34	1	1	146	146	0	0
charsys/nu_metal/anims/gen/nu_turn_left_135_fast.acp	nu_turn_left_135_fast	30	71	1	210	14910	2	31	1	1	128	128	0	0
charsys/nu_metal/anims/gen/nu_walk_normal_forward_medium.acp	nu_walk_normal_forward_medium	27	124	1	192	23808	2	34	1	1	146	146	0	0
charsys/nu_metal/anims/gen/nu_idle_fast.acp	nu_idle_fast	27	177	1	192	33984	2	34	1	1	146	146	0	0
charsys/nu_metal/anims/gen/nu_turn_left_135_medium.acp	nu_turn_left_135_medium	27	75	1	192	14400	2	34	1	1	146	146	0	0
charsys/nu_metal/anims/gen/nu_walk_backward_medium.acp	nu_walk_backward_medium	27	169	1	192	32448	2	34	1	1	146	146	0	0
charsys/nu_metal/anims/gen/nu_turn_right_90_fast.acp	nu_turn_right_90_fast	30	86	1	210	18060	2	31	1	1	128	128	0	0
charsys/nu_metal/anims/gen/nu_stop_backward_fast.acp	nu_stop_backward_fast	30	68	1	210	14280	2	31	1	1	128	128	0	0
charsys/nu_metal/anims/gen/nu_stop_backward_medium.acp	nu_stop_backward_medium	29	85	1	202	17170	2	32	1	1	136	136	0	0
charsys/nu_metal/anims/gen/nu_turn_left_180_medium.acp	nu_turn_left_180_medium	27	95	1	192	18240	2	34	1	1	146	146	0	0
charsys/nu_metal/anims/gen/nu_stop_left_90_fast.acp	nu_stop_left_90_fast	30	75	1	210	15750	2	31	1	1	128	128	0	0
charsys/nu_metal/anims/gen/nu_turn_right_45_medium.acp	nu_turn_right_45_medium	27	96	1	192	18432	2	34	1	1	146	146	0	0
charsys/nu_metal/anims/gen/nu_extreme_medium_04.acp	nu_extreme_medium_04	27	252	1	186	46872	2	34	1	1	152	152	0	0
charsys/nu_metal/anims/gen/nu_walk_left_fast.acp	nu_walk_left_fast	25	85	1	176	14960	2	36	1	1	162	162	0	0
charsys/nu_metal/anims/gen/nu_extreme_medium_03.acp	nu_extreme_medium_03	28	343	1	194	66542	2	33	1	1	144	144	0	0
charsys/nu_metal/anims/gen/nu_extreme_medium_02.acp	nu_extreme_medium_02	28	316	1	194	61304	2	33	1	1	144	144	0	0
charsys/nu_metal/anims/gen/nu_extreme_medium_01.acp	nu_extreme_medium_01	29	329	1	202	66458	2	32	1	1	136	136	0	0
charsys/nu_metal/anims/gen/nu_walk_right_medium.acp	nu_walk_right_medium	27	92	1	192	17664	2	34	1	1	146	146	0	0
charsys/nu_metal/anims/gen/nu_walk_forward_fast.acp	nu_walk_forward_fast	27	104	1	192	19968	2	34	1	1	146	146	0	0
charsys/nu_metal/anims/gen/nu_lose_03.acp	nu_lose_03	43	205	1	260	53300	2	18	1	1	78	78	0	0
charsys/nu_metal/anims/gen/nu_lose_02.acp	nu_lose_02	30	210	1	210	44100	2	31	1	1	128	128	0	0
charsys/nu_metal/anims/gen/nu_turn_left_45_fast.acp	nu_turn_left_45_fast	29	67	1	202	13534	2	32	1	1	136	136	0	0
charsys/nu_metal/anims/gen/nu_lose_01.acp	nu_lose_01	31	228	1	212	48336	2	30	1	1	126	126	0	0
charsys/nu_metal/anims/gen/nu_turn_right_90_medium.acp	nu_turn_right_90_medium	25	86	1	176	15136	2	36	1	1	162	162	0	0
charsys/nu_metal/anims/gen/nu_turn_left_180_fast.acp	nu_turn_left_180_fast	30	66	1	210	13860	2	31	1	1	128	128	0	0
charsys/nu_metal/anims/gen/nu_turn_backward_fast.acp	nu_turn_backward_fast	25	51	1	176	8976	2	36	1	1	162	162	0	0
charsys/nu_metal/anims/gen/nu_walk_backward_fast.acp	nu_walk_backward_fast	27	180	1	192	34560	2	34	1	1	146	146	0	0
charsys/nu_metal/anims/gen/nu_turn_forward_medium.acp	nu_turn_forward_medium	27	73	1	192	14016	2	34	1	1	146	146	0	0
charsys/nu_metal/anims/gen/nu_turn_right_135_fast.acp	nu_turn_right_135_fast	30	67	1	210	14070	2	31	1	1	128	128	0	0
charsys/nu_metal/anims/gen/nu_stand_bad.acp	nu_stand_bad	30	329	1	210	69090	2	31	1	1	128	128	0	0
charsys/nu_metal/anims/gen/nu_stop_forward_fast.acp	nu_stop_forward_fast	29	59	1	202	11918	2	32	1	1	136	136	0	0
charsys/nu_metal/anims/gen/nu_stop_right_45_fast.acp	nu_stop_right_45_fast	30	72	1	210	15120	2	31	1	1	128	128	0	0
charsys/nu_metal/anims/gen/nu_intro_02.acp	nu_intro_02	43	145	1	266	38570	2	18	1	1	72	72	0	0
charsys/nu_metal/anims/gen/nu_stop_left_45_medium.acp	nu_stop_left_45_medium	25	86	1	176	15136	2	36	1	1	162	162	0	0
charsys/nu_metal/anims/gen/nu_intro_01.acp	nu_intro_01	42	271	1	258	69918	2	19	1	1	80	80	0	0
charsys/nu_metal/anims/gen/nu_extreme_fast_04.acp	nu_extreme_fast_04	29	335	1	202	67670	2	32	1	1	136	136	0	0
charsys/nu_metal/anims/gen/nu_turn_backward_medium.acp	nu_turn_backward_medium	25	81	1	176	14256	2	36	1	1	162	162	0	0
charsys/nu_metal/anims/gen/nu_extreme_fast_02.acp	nu_extreme_fast_02	31	274	1	218	59732	2	30	1	1	120	120	0	0
charsys/nu_metal/anims/gen/nu_extreme_fast_01.acp	nu_extreme_fast_01	29	355	1	202	71710	2	32	1	1	136	136	0	0
charsys/nu_metal/anims/gen/nu_stand_medium_04.acp	nu_stand_medium_04	27	155	1	192	29760	2	34	1	1	146	146	0	0
charsys/nu_metal/anims/gen/nu_stand_medium_03.acp	nu_stand_medium_03	37	146	1	242	35332	2	24	1	1	96	96	0	0
charsys/nu_metal/anims/gen/nu_stand_medium_01.acp	nu_stand_medium_01	27	162	1	192	31104	2	34	1	1	146	146	0	0
charsys/nu_metal/anims/gen/nu_special_02.acp	nu_special_02	51	134	1	288	38592	2	10	1	1	50	50	0	0
charsys/nu_metal/anims/gen/nu_stand_fast_03.acp	nu_stand_fast_03	25	155	1	188	29140	2	36	1	1	150	150	0	0
charsys/nu_metal/anims/gen/nu_special_01.acp	nu_special_01	59	153	1	334	51102	2	2	1	1	4	4	0	0
charsys/nu_metal/anims/gen/nu_stand_fast_02.acp	nu_stand_fast_02	27	146	1	192	28032	2	34	1	1	146	146	0	0
charsys/nu_metal/anims/gen/nu_stand_fast_01.acp	nu_stand_fast_01	27	159	1	192	30528	2	34	1	1	146	146	0	0
charsys/nu_metal/anims/gen/nu_stop_left_90_medium.acp	nu_stop_left_90_medium	27	86	1	192	16512	2	34	1	1	146	146	0	0
charsys/nu_metal/anims/gen/nu_win_final.acp	nu_win_final	56	551	1	298	164198	2	5	1	1	40	40	0	0
charsys/nu_metal/anims/gen/nu_turn_left_90_fast.acp	nu_turn_left_90_fast	28	91	1	194	17654	2	33	1	1	144	144	0	0
charsys/nu_metal/anims/gen/nu_walk_normal_backward_fast.acp	nu_walk_normal_backward_fast	27	117	1	192	22464	2	34	1	1	146	146	0	0
charsys/nu_metal/anims/gen/nu_walk_left_medium.acp	nu_walk_left_medium	27	117	1	192	22464	2	34	1	1	146	146	0	0
charsys/nu_metal/anims/gen/nu_win_03.acp	nu_win_03	45	181	1	270	48870	2	16	1	1	68	68	0	0
charsys/nu_metal/anims/gen/nu_walk_normal_right_fast.acp	nu_walk_normal_right_fast	27	56	1	192	10752	2	34	1	1	146	146	0	0
charsys/nu_metal/anims/gen/nu_win_02.acp	nu_win_02	52	180	1	302	54360	2	9	1	1	36	36	0	0
charsys/nu_metal/anims/gen/nu_walk_right_fast.acp	nu_walk_right_fast	25	77	1	176	13552	2	36	1	1	162	162	0	0
charsys/nu_metal/anims/gen/nu_win_01.acp	nu_win_01	36	161	1	234	37674	2	25	1	1	104	104	0	0
charsys/nu_metal/anims/gen/nu_stop_left_135_medium.acp	nu_stop_left_135_medium	25	83	1	176	14608	2	36	1	1	162	162	0	0
charsys/nu_metal/anims/gen/nu_walk_normal_left_medium.acp	nu_walk_normal_left_medium	25	84	1	176	14784	2	36	1	1	162	162	0	0
charsys/nu_metal/anims/gen/nu_walk_normal_left_fast.acp	nu_walk_normal_left_fast	27	66	1	192	12672	2	34	1	1	146	146	0	0
charsys/nu_metal/anims/gen/nu_stop_left_135_fast.acp	nu_stop_left_135_fast	30	74	1	210	15540	2	31	1	1	128	128	0	0
charsys/nu_metal/anims/gen/nu_walk_normal_backward_medium.acp	nu_walk_normal_backward_medium	26	160	1	184	29440	2	35	1	1	154	154	0	0
charsys/nu_metal/anims/gen/nu_turn_right_45_fast.acp	nu_turn_right_45_fast	30	72	1	210	15120	2	31	1	1	128	128	0	0
charsys/nu_metal/anims/gen/nu_stop_right_135_medium.acp	nu_stop_right_135_medium	27	87	1	192	16704	2	34	1	1	146	146	0	0
charsys/alterna/anims/finger/gen/finger_chord_bar.acp	finger_chord_bar	0	0	1	0	0	0	17	1	1	80	80	0	0
charsys/alterna/anims/finger/gen/finger_vibrato_index.acp	finger_vibrato_index	6	10	1	40	400	0	11	1	1	40	40	0	0
charsys/alterna/anims/finger/gen/strum_down_long.acp	strum_down_long	14	31	1	74	2294	0	6	1	1	24	24	0	0
charsys/alterna/anims/finger/gen/strum_pluck_short.acp	strum_pluck_short	1	7	1	8	56	0	19	1	1	90	90	0	0
charsys/alterna/anims/finger/gen/finger_vibrato_pinky.acp	finger_vibrato_pinky	9	9	1	48	432	0	8	1	1	32	32	0	0
charsys/alterna/anims/finger/gen/finger_vibrato_pinky_hi.acp	finger_vibrato_pinky_hi	11	9	1	68	612	0	6	1	1	12	12	0	0
charsys/alterna/anims/finger/gen/finger_open.acp	finger_open	0	0	1	0	0	0	17	1	1	80	80	0	0
charsys/alterna/anims/finger/gen/finger_vibrato_ring.acp	finger_vibrato_ring	9	13	1	42	546	0	8	1	1	38	38	0	0
charsys/alterna/anims/finger/gen/finger_hold_index.acp	finger_hold_index	0	0	1	0	0	0	17	1	1	80	80	0	0
charsys/alterna/anims/finger/gen/finger_hold_ring.acp	finger_hold_ring	0	0	1	0	0	0	17	1	1	80	80	0	0
charsys/alterna/anims/finger/gen/finger_vibrato_ring_hi.acp	finger_vibrato_ring_hi	13	10	1	72	720	0	4	1	1	8	8	0	0
charsys/alterna/anims/finger/gen/finger_vibrato_index_hi.acp	finger_vibrato_index_hi	7	9	1	42	378	0	10	1	1	38	38	0	0
charsys/alterna/anims/finger/gen/finger_hold_pinky.acp	finger_hold_pinky	0	0	1	0	0	0	17	1	1	80	80	0	0
charsys/alterna/anims/finger/gen/finger_powerchord_2.acp	finger_powerchord_2	0	0	1	0	0	0	17	1	1	80	80	0	0
charsys/alterna/anims/finger/gen/finger_powerchord_1.acp	finger_powerchord_1	0	0	1	0	0	0	17	1	1	80	80	0	0
charsys/alterna/anims/finger/gen/finger_hold_ring_hi.acp	finger_hold_ring_hi	0	0	1	0	0	0	17	1	1	80	80	0	0
charsys/alterna/anims/finger/gen/finger_hold_middle_hi.acp	finger_hold_middle_hi	0	0	1	0	0	0	17	1	1	80	80	0	0
charsys/alterna/anims/finger/gen/finger_chord_openmajor.acp	finger_chord_openmajor	0	0	1	0	0	0	17	1	1	80	80	0	0
charsys/alterna/anims/finger/gen/finger_chord_dmajor.acp	finger_chord_dmajor	0	0	1	0	0	0	17	1	1	80	80	0	0
charsys/alterna/anims/finger/gen/finger_vibrato_middle.acp	finger_vibrato_middle	7	9	1	38	342	0	10	1	1	42	42	0	0
charsys/alterna/anims/finger/gen/finger_chord_seventh.acp	finger_chord_seventh	0	0	1	0	0	0	17	1	1	80	80	0	0
charsys/alterna/anims/finger/gen/finger_hold_middle.acp	finger_hold_middle	0	0	1	0	0	0	17	1	1	80	80	0	0
charsys/alterna/anims/finger/gen/finger_hold_pinky_hi.acp	finger_hold_pinky_hi	0	0	1	0	0	0	17	1	1	80	80	0	0
charsys/alterna/anims/finger/gen/finger_chord_cmajor.acp	finger_chord_cmajor	0	0	1	0	0	0	17	1	1	80	80	0	0
charsys/alterna/anims/finger/gen/finger_hold_index_hi.acp	finger_hold_index_hi	0	0	1	0	0	0	17	1	1	80	80	0	0
charsys/alterna/anims/finger/gen/strum_pluck_down.acp	strum_pluck_down	10	7	1	54	378	0	10	1	1	44	44	0	0
charsys/alterna/anims/finger/gen/finger_vibrato_middle_hi.acp	finger_vibrato_middle_hi	9	9	1	52	468	0	8	1	1	28	28	0	0
charsys/alterna/anims/finger/gen/finger_chord_openminor.acp	finger_chord_openminor	0	0	1	0	0	0	17	1	1	80	80	0	0
charsys/alterna/anims/finger/gen/strum_open.acp	strum_open	0	0	1	0	0	0	20	1	1	98	98	0	0
charsys/hiphop/anims/finger/gen/finger_chord_bar.acp	finger_chord_bar	0	0	1	0	0	0	17	1	1	80	80	0	0
charsys/hiphop/anims/finger/gen/finger_vibrato_index.acp	finger_vibrato_index	5	9	1	28	252	0	12	1	1	52	52	0	0
charsys/hiphop/anims/finger/gen/strum_down_long.acp	strum_down_long	14	31	1	68	2108	0	6	1	1	30	30	0	0
charsys/hiphop/anims/finger/gen/strum_pluck_short.acp	strum_pluck_short	1	7	1	8	56	0	19	1	1	90	90	0	0
charsys/hiphop/anims/finger/gen/finger_vibrato_pinky.acp	finger_vibrato_pinky	9	9	1	48	432	0	8	1	1	32	32	0	0
charsys/hiphop/anims/finger/gen/finger_vibrato_pinky_hi.acp	finger_vibrato_pinky_hi	11	9	1	68	612	0	6	1	1	12	12	0	0
charsys/hiphop/anims/finger/gen/finger_open.acp	finger_open	0	0	1	0	0	0	17	1	1	80	80	0	0
charsys/hiphop/anims/finger/gen/finger_vibrato_ring.acp	finger_vibrato_ring	9	13	1	42	546	0	8	1	1	38	38	0	0
charsys/hiphop/anims/finger/gen/finger_hold_index.acp	finger_hold_index	0	0	1	0	0	0	17	1	1	80	80	0	0
charsys/hiphop/anims/finger/gen/finger_hold_ring.acp	finger_hold_ring	0	0	1	0	0	0	17	1	1	80	80	0	0
charsys/hiphop/anims/finger/gen/finger_vibrato_ring_hi.acp	finger_vibrato_ring_hi	13	10	1	72	720	0	4	1	1	8	8	0	0
charsys/hiphop/anims/finger/gen/finger_vibrato_index_hi.acp	finger_vibrato_index_hi	7	9	1	42	378	0	10	1	1	38	38	0	0
charsys/hiphop/anims/finger/gen/finger_hold_pinky.acp	finger_hold_pinky	0	0	1	0	0	0	17	1	1	80	80	0	0
charsys/hiphop/anims/finger/gen/finger_powerchord_2.acp	finger_powerchord_2	0	0	1	0	0	0	17	1	1	80	80	0	0
charsys/hiphop/anims/finger/gen/finger_powerchord_1.acp	finger_powerchord_1	0	0	1	0	0	0	17	1	1	80	80	0	0
charsys/hiphop/anims/finger/gen/finger_hold_ring_hi.acp	finger_hold_ring_hi	0	0	1	0	0	0	17	1	1	80	80	0	0
charsys/hiphop/anims/finger/gen/finger_hold_middle_hi.acp	finger_hold_middle_hi	0	0	1	0	0	0	17	1	1	80	80	0	0
charsys/hiphop/anims/finger/gen/finger_chord_openmajor.acp	finger_chord_openmajor	0	0	1	0	0	0	17	1	1	80	80	0	0
charsys/hiphop/anims/finger/gen/finger_chord_dmajor.acp	finger_chord_dmajor	0	0	1	0	0	0	17	1	1	80	80	0	0
charsys/hiphop/anims/finger/gen/finger_vibrato_middle.acp	finger_vibrato_middle	7	9	1	38	342	0	10	1	1	42	42	0	0
charsys/hiphop/anims/finger/gen/finger_chord_seventh.acp	finger_chord_seventh	0	0	1	0	0	0	17	1	1	80	80	0	0
charsys/hiphop/anims/finger/gen/finger_hold_middle.acp	finger_hold_middle	0	0	1	0	0	0	17	1	1	80	80	0	0
charsys/hiphop/anims/finger/gen/finger_hold_pinky_hi.acp	finger_hold_pinky_hi	0	0	1	0	0	0	17	1	1	80	80	0	0
charsys/hiphop/anims/finger/gen/finger_chord_cmajor.acp	finger_chord_cmajor	0	0	1	0	0	0	17	1	1	80	80	0	0
charsys/hiphop/anims/finger/gen/finger_hold_index_hi.acp	finger_hold_index_hi	0	0	1	0	0	0	17	1	1	80	80	0	0
charsys/hiphop/anims/finger/gen/strum_pluck_down.acp	strum_pluck_down	14	7	1	68	476	0	6	1	1	30	30	0	0
charsys/hiphop/anims/finger/gen/finger_vibrato_middle_hi.acp	finger_vibrato_middle_hi	9	9	1	52	468	0	8	1	1	28	28	0	0
charsys/hiphop/anims/finger/gen/finger_chord_openminor.acp	finger_chord_openminor	0	0	1	0	0	0	17	1	1	80	80	0	0
charsys/hiphop/anims/finger/gen/strum_open.acp	strum_open	0	0	1	0	0	0	20	1	1	98	98	0	0
charsys/metal_keyboard/anims/gen/keyboard_idle.acp	keyboard_idle	21	150	1	136	20400	0	3	1	1	18	18	0	0
charsys/metal_keyboard/anims/gen/keyboard_active_fast.acp	keyboard_active_fast	21	201	1	136	27336	0	3	1	1	18	18	0	0
charsys/metal_keyboard/anims/gen/keyboard_win.acp	keyboard_win	23	301	1	152	45752	0	1	1	1	2	2	0	0
charsys/metal_keyboard/anims/gen/keyboard_active_medium.acp	keyboard_active_medium	21	219	1	136	29784	0	3	1	1	18	18	0	0
charsys/metal_keyboard/anims/gen/keyboard_lose.acp	keyboard_lose	21	301	1	136	40936	0	3	1	1	18	18	0	0
charsys/alterna/anims/editor/gen/alterna_idle_ui.acp	alterna_idle_ui	22	169	1	154	26026	0	33	1	1	138	138	0	0
charsys/hiphop/anims/editor/gen/hiphop_idle_ui.acp	hiphop_idle_ui	32	254	1	192	48768	0	23	1	1	100	100	0	0
charsys/classic/anims/gen/classic_walk_normal_left_medium.acp	classic_walk_normal_left_medium	26	130	1	178	23140	2	31	1	1	128	128	0	0
charsys/classic/anims/gen/classic_walk_normal_forward_medium.acp	classic_walk_normal_forward_medium	26	179	1	178	31862	2	31	1	1	128	128	0	0
charsys/classic/anims/gen/classic_stop_backward_medium.acp	classic_stop_backward_medium	26	85	1	178	15130	2	31	1	1	128	128	0	0
charsys/classic/anims/gen/classic_turn_left_180_medium.acp	classic_turn_left_180_medium	26	86	1	178	15308	2	31	1	1	128	128	0	0
charsys/classic/anims/gen/classic_stop_left_45_medium.acp	classic_stop_left_45_medium	26	86	1	178	15308	2	31	1	1	128	128	0	0
charsys/classic/anims/gen/classic_turn_left_90_fast.acp	classic_turn_left_90_fast	26	101	1	178	17978	2	31	1	1	128	128	0	0
charsys/classic/anims/gen/classic_stand_fast_02.acp	classic_stand_fast_02	29	145	1	190	27550	2	28	1	1	116	116	0	0
charsys/classic/anims/gen/classic_turn_left_180_fast.acp	classic_turn_left_180_fast	26	66	1	178	11748	2	31	1	1	128	128	0	0
charsys/classic/anims/gen/classic_stand_fast_01.acp	classic_stand_fast_01	19	145	1	140	20300	2	38	1	1	166	166	0	0
charsys/classic/anims/gen/classic_walk_normal_left_fast.acp	classic_walk_normal_left_fast	26	81	1	178	14418	2	31	1	1	128	128	0	0
charsys/classic/anims/gen/classic_idle_medium.acp	classic_idle_medium	22	152	1	158	24016	2	35	1	1	148	148	0	0
charsys/classic/anims/gen/classic_turn_backward_fast.acp	classic_turn_backward_fast	26	68	1	178	12104	2	31	1	1	128	128	0	0
charsys/classic/anims/gen/classic_walk_left_medium.acp	classic_walk_left_medium	25	109	1	170	18530	2	32	1	1	136	136	0	0
charsys/classic/anims/gen/classic_stop_left_90_medium.acp	classic_stop_left_90_medium	26	83	1	178	14774	2	31	1	1	128	128	0	0
charsys/classic/anims/gen/classic_turn_right_45_medium.acp	classic_turn_right_45_medium	27	71	1	186	13206	2	30	1	1	120	120	0	0
charsys/classic/anims/gen/classic_walk_backward_fast.acp	classic_walk_backward_fast	27	145	1	186	26970	2	30	1	1	120	120	0	0
charsys/classic/anims/gen/classic_stop_right_135_medium.acp	classic_stop_right_135_medium	26	70	1	178	12460	2	31	1	1	128	128	0	0
charsys/classic/anims/gen/classic_stop_right_45_fast.acp	classic_stop_right_45_fast	26	72	1	178	12816	2	31	1	1	128	128	0	0
charsys/classic/anims/gen/classic_turn_right_90_medium.acp	classic_turn_right_90_medium	26	70	1	178	12460	2	31	1	1	128	128	0	0
charsys/classic/anims/gen/classic_turn_right_135_medium.acp	classic_turn_right_135_medium	26	75	1	178	13350	2	31	1	1	128	128	0	0
charsys/classic/anims/gen/classic_turn_right_180_medium.acp	classic_turn_right_180_medium	26	78	1	178	13884	2	31	1	1	128	128	0	0
charsys/classic/anims/gen/classic_walk_normal_right_fast.acp	classic_walk_normal_right_fast	26	90	1	178	16020	2	31	1	1	128	128	0	0
charsys/classic/anims/gen/classic_lose_03.acp	classic_lose_03	43	210	1	266	55860	2	14	1	1	40	40	0	0
charsys/classic/anims/gen/classic_stop_left_45_fast.acp	classic_stop_left_45_fast	26	68	1	178	12104	2	31	1	1	128	128	0	0
charsys/classic/anims/gen/classic_lose_02.acp	classic_lose_02	50	228	1	286	65208	2	7	1	1	20	20	0	0
charsys/classic/anims/gen/classic_lose_01.acp	classic_lose_01	36	161	1	234	37674	2	21	1	1	72	72	0	0
charsys/classic/anims/gen/classic_walk_forward_medium.acp	classic_walk_forward_medium	25	128	1	170	21760	2	32	1	1	136	136	0	0
charsys/classic/anims/gen/classic_turn_right_180_fast.acp	classic_turn_right_180_fast	26	82	1	178	14596	2	31	1	1	128	128	0	0
charsys/classic/anims/gen/classic_intro_02.acp	classic_intro_02	29	182	1	190	34580	2	28	1	1	116	116	0	0
charsys/classic/anims/gen/classic_turn_forward_fast.acp	classic_turn_forward_fast	26	86	1	178	15308	2	31	1	1	128	128	0	0
charsys/classic/anims/gen/classic_stand_bad.acp	classic_stand_bad	24	242	1	162	39204	2	33	1	1	144	144	0	0
charsys/classic/anims/gen/classic_turn_backward_medium.acp	classic_turn_backward_medium	26	84	1	178	14952	2	31	1	1	128	128	0	0
charsys/classic/anims/gen/classic_stop_left_135_fast.acp	classic_stop_left_135_fast	26	74	1	178	13172	2	31	1	1	128	128	0	0
charsys/classic/anims/gen/classic_turn_right_45_fast.acp	classic_turn_right_45_fast	26	72	1	178	12816	2	31	1	1	128	128	0	0
charsys/classic/anims/gen/classic_special_02.acp	classic_special_02	51	111	1	294	32634	2	6	1	1	12	12	0	0
charsys/classic/anims/gen/classic_special_01.acp	classic_special_01	26	214	1	178	38092	2	31	1	1	128	128	0	0
charsys/classic/anims/gen/classic_turn_left_45_medium.acp	classic_turn_left_45_medium	26	76	1	178	13528	2	31	1	1	128	128	0	0
charsys/classic/anims/gen/classic_walk_normal_backward_fast.acp	classic_walk_normal_backward_fast	26	107	1	178	19046	2	31	1	1	128	128	0	0
charsys/classic/anims/gen/classic_win_final.acp	classic_win_final	55	551	1	290	159790	2	2	1	1	16	16	0	0
charsys/classic/anims/gen/classic_stop_right_90_fast.acp	classic_stop_right_90_fast	26	75	1	178	13350	2	31	1	1	128	128	0	0
charsys/classic/anims/gen/classic_stop_forward_medium.acp	classic_stop_forward_medium	26	79	1	178	14062	2	31	1	1	128	128	0	0
charsys/classic/anims/gen/classic_stop_right_135_fast.acp	classic_stop_right_135_fast	26	76	1	178	13528	2	31	1	1	128	128	0	0
charsys/classic/anims/gen/classic_walk_normal_right_medium.acp	classic_walk_normal_right_medium	26	126	1	178	22428	2	31	1	1	128	128	0	0
charsys/classic/anims/gen/classic_walk_normal_forward_fast.acp	classic_walk_normal_forward_fast	26	98	1	178	17444	2	31	1	1	128	128	0	0
charsys/classic/anims/gen/classic_turn_left_90_medium.acp	classic_turn_left_90_medium	26	83	1	178	14774	2	31	1	1	128	128	0	0
charsys/classic/anims/gen/classic_stop_left_135_medium.acp	classic_stop_left_135_medium	26	83	1	178	14774	2	31	1	1	128	128	0	0
charsys/classic/anims/gen/classic_win_03.acp	classic_win_03	56	245	1	298	73010	2	1	1	1	8	8	0	0
charsys/classic/anims/gen/classic_win_02.acp	classic_win_02	54	270	1	294	79380	2	3	1	1	12	12	0	0
charsys/classic/anims/gen/classic_win_01.acp	classic_win_01	39	161	1	246	39606	2	18	1	1	60	60	0	0
charsys/classic/anims/gen/classic_walk_normal_backward_medium.acp	classic_walk_normal_backward_medium	26	206	1	178	36668	2	31	1	1	128	128	0	0
charsys/classic/anims/gen/classic_stop_left_90_fast.acp	classic_stop_left_90_fast	26	75	1	178	13350	2	31	1	1	128	128	0	0
charsys/classic/anims/gen/classic_extreme_medium_04.acp	classic_extreme_medium_04	26	164	1	178	29192	2	31	1	1	128	128	0	0
charsys/classic/anims/gen/classic_extreme_medium_03.acp	classic_extreme_medium_03	26	340	1	178	60520	2	31	1	1	128	128	0	0
charsys/classic/anims/gen/classic_extreme_medium_02.acp	classic_extreme_medium_02	26	183	1	178	32574	2	31	1	1	128	128	0	0
charsys/classic/anims/gen/classic_extreme_medium_01.acp	classic_extreme_medium_01	26	268	1	178	47704	2	31	1	1	128	128	0	0
charsys/classic/anims/gen/classic_extreme_fast_04.acp	classic_extreme_fast_04	26	188	1	178	33464	2	31	1	1	128	128	0	0
charsys/classic/anims/gen/classic_extreme_fast_03.acp	classic_extreme_fast_03	25	255	1	170	43350	2	32	1	1	136	136	0	0
charsys/classic/anims/gen/classic_walk_right_medium.acp	classic_walk_right_medium	25	119	1	170	20230	2	32	1	1	136	136	0	0
charsys/classic/anims/gen/classic_walk_forward_fast.acp	classic_walk_forward_fast	25	119	1	170	20230	2	32	1	1	136	136	0	0
charsys/classic/anims/gen/classic_extreme_fast_02.acp	classic_extreme_fast_02	24	128	1	162	20736	2	33	1	1	144	144	0	0
charsys/classic/anims/gen/classic_extreme_fast_01.acp	classic_extreme_fast_01	26	268	1	178	47704	2	31	1	1	128	128	0	0
charsys/classic/anims/gen/classic_turn_left_45_fast.acp	classic_turn_left_45_fast	26	67	1	178	11926	2	31	1	1	128	128	0	0
charsys/classic/anims/gen/classic_turn_left_135_fast.acp	classic_turn_left_135_fast	26	71	1	178	12638	2	31	1	1	128	128	0	0
charsys/classic/anims/gen/classic_stop_right_45_medium.acp	classic_stop_right_45_medium	26	89	1	178	15842	2	31	1	1	128	128	0	0
charsys/classic/anims/gen/classic_stand_medium_03.acp	classic_stand_medium_03	23	154	1	160	24640	2	34	1	1	146	146	0	0
charsys/classic/anims/gen/classic_stand_medium_02.acp	classic_stand_medium_02	23	220	1	160	35200	2	34	1	1	146	146	0	0
charsys/classic/anims/gen/classic_stand_medium_01.acp	classic_stand_medium_01	23	195	1	160	31200	2	34	1	1	146	146	0	0
charsys/classic/anims/gen/classic_stop_right_90_medium.acp	classic_stop_right_90_medium	26	78	1	178	13884	2	31	1	1	128	128	0	0
charsys/classic/anims/gen/classic_turn_right_90_fast.acp	classic_turn_right_90_fast	27	86	1	186	15996	2	30	1	1	120	120	0	0
charsys/classic/anims/gen/classic_stop_backward_fast.acp	classic_stop_backward_fast	26	68	1	178	12104	2	31	1	1	128	128	0	0
charsys/classic/anims/gen/classic_walk_right_fast.acp	classic_walk_right_fast	25	78	1	170	13260	2	32	1	1	136	136	0	0
charsys/classic/anims/gen/classic_stop_forward_fast.acp	classic_stop_forward_fast	26	59	1	178	10502	2	31	1	1	128	128	0	0
charsys/classic/anims/gen/classic_walk_left_fast.acp	classic_walk_left_fast	25	93	1	170	15810	2	32	1	1	136	136	0	0
charsys/classic/anims/gen/classic_turn_forward_medium.acp	classic_turn_forward_medium	26	77	1	178	13706	2	31	1	1	128	128	0	0
charsys/classic/anims/gen/classic_turn_right_135_fast.acp	classic_turn_right_135_fast	26	67	1	178	11926	2	31	1	1	128	128	0	0
charsys/classic/anims/gen/classic_turn_left_135_medium.acp	classic_turn_left_135_medium	26	77	1	178	13706	2	31	1	1	128	128	0	0
charsys/classic/anims/gen/classic_idle_fast.acp	classic_idle_fast	22	152	1	158	24016	2	35	1	1	148	148	0	0
charsys/classic/anims/gen/classic_walk_backward_medium.acp	classic_walk_backward_medium	26	150	1	178	26700	2	31	1	1	128	128	0	0
charsys/punk/anims/finger/gen/finger_chord_bar.acp	finger_chord_bar	0	0	1	0	0	0	17	1	1	80	80	0	0
charsys/punk/anims/finger/gen/finger_vibrato_index.acp	finger_vibrato_index	6	9	1	40	360	0	11	1	1	40	40	0	0
charsys/punk/anims/finger/gen/strum_down_long.acp	strum_down_long	17	31	1	86	2666	0	3	1	1	12	12	0	0
charsys/punk/anims/finger/gen/strum_pluck_short.acp	strum_pluck_short	4	7	1	30	210	0	16	1	1	68	68	0	0
charsys/punk/anims/finger/gen/finger_vibrato_pinky.acp	finger_vibrato_pinky	9	9	1	48	432	0	8	1	1	32	32	0	0
charsys/punk/anims/finger/gen/finger_vibrato_pinky_hi.acp	finger_vibrato_pinky_hi	11	9	1	68	612	0	6	1	1	12	12	0	0
charsys/punk/anims/finger/gen/finger_open.acp	finger_open	0	0	1	0	0	0	17	1	1	80	80	0	0
charsys/punk/anims/finger/gen/finger_vibrato_ring.acp	finger_vibrato_ring	9	9	1	48	432	0	8	1	1	32	32	0	0
charsys/punk/anims/finger/gen/finger_hold_index.acp	finger_hold_index	0	0	1	0	0	0	17	1	1	80	80	0	0
charsys/punk/anims/finger/gen/finger_hold_ring.acp	finger_hold_ring	0	0	1	0	0	0	17	1	1	80	80	0	0
charsys/punk/anims/finger/gen/finger_vibrato_ring_hi.acp	finger_vibrato_ring_hi	11	9	1	68	612	0	6	1	1	12	12	0	0
charsys/punk/anims/finger/gen/finger_vibrato_index_hi.acp	finger_vibrato_index_hi	6	9	1	40	360	0	11	1	1	40	40	0	0
charsys/punk/anims/finger/gen/finger_hold_pinky.acp	finger_hold_pinky	0	0	1	0	0	0	17	1	1	80	80	0	0
charsys/punk/anims/finger/gen/finger_powerchord_2.acp	finger_powerchord_2	0	0	1	0	0	0	17	1	1	80	80	0	0
charsys/punk/anims/finger/gen/finger_powerchord_1.acp	finger_powerchord_1	0	0	1	0	0	0	17	1	1	80	80	0	0
charsys/punk/anims/finger/gen/finger_hold_ring_hi.acp	finger_hold_ring_hi	0	0	1	0	0	0	17	1	1	80	80	0	0
charsys/punk/anims/finger/gen/finger_hold_middle_hi.acp	finger_hold_middle_hi	0	0	1	0	0	0	17	1	1	80	80	0	0
charsys/punk/anims/finger/gen/finger_chord_openmajor.acp	finger_chord_openmajor	0	0	1	0	0	0	17	1	1	80	80	0	0
charsys/punk/anims/finger/gen/finger_chord_dmajor.acp	finger_chord_dmajor	0	0	1	0	0	0	17	1	1	80	80	0	0
charsys/punk/anims/finger/gen/finger_vibrato_middle.acp	finger_vibrato_middle	7	9	1	38	342	0	10	1	1	42	42	0	0
charsys/punk/anims/finger/gen/finger_chord_seventh.acp	finger_chord_seventh	0	0	1	0	0	0	17	1	1	80	80	0	0
charsys/punk/anims/finger/gen/finger_hold_middle.acp	finger_hold_middle	0	0	1	0	0	0	17	1	1	80	80	0	0
charsys/punk/anims/finger/gen/finger_hold_pinky_hi.acp	finger_hold_pinky_hi	0	0	1	0	0	0	17	1	1	80	80	0	0
charsys/punk/anims/finger/gen/finger_chord_cmajor.acp	finger_chord_cmajor	0	0	1	0	0	0	17	1	1	80	80	0	0
charsys/punk/anims/finger/gen/finger_hold_index_hi.acp	finger_hold_index_hi	0	0	1	0	0	0	17	1	1	80	80	0	0
charsys/punk/anims/finger/gen/strum_pluck_down.acp	strum_pluck_down	4	7	1	30	210	0	16	1	1	68	68	0	0
charsys/punk/anims/finger/gen/finger_vibrato_middle_hi.acp	finger_vibrato_middle_hi	9	9	1	52	468	0	8	1	1	28	28	0	0
charsys/punk/anims/finger/gen/finger_chord_openminor.acp	finger_chord_openminor	0	0	1	0	0	0	17	1	1	80	80	0	0
charsys/punk/anims/finger/gen/strum_open.acp	strum_open	0	0	1	0	0	0	20	1	1	98	98	0	0
charsys/alterna/anims/gen/alterna_turn_backward_medium.acp	alterna_turn_backward_medium	26	76	1	178	13528	2	31	1	1	128	128	0	0
charsys/alterna/anims/gen/alterna_win_final.acp	alterna_win_final	55	551	1	290	159790	2	2	1	1	16	16	0	0
charsys/alterna/anims/gen/alterna_idle_medium.acp	alterna_idle_medium	23	153	1	160	24480	2	34	1	1	146	146	0	0
charsys/alterna/anims/gen/alterna_lose_03.acp	alterna_lose_03	38	165	1	226	37290	2	19	1	1	80	80	0	0
charsys/alterna/anims/gen/alterna_walk_left_medium.acp	alterna_walk_left_medium	23	123	1	160	19680	2	34	1	1	146	146	0	0
charsys/alterna/anims/gen/alterna_lose_02.acp	alterna_lose_02	38	211	1	226	47686	2	19	1	1	80	80	0	0
charsys/alterna/anims/gen/alterna_lose_01.acp	alterna_lose_01	42	228	1	258	58824	2	15	1	1	48	48	0	0
charsys/alterna/anims/gen/alterna_stop_left_90_fast.acp	alterna_stop_left_90_fast	26	75	1	178	13350	2	31	1	1	128	128	0	0
charsys/alterna/anims/gen/alterna_turn_left_180_fast.acp	alterna_turn_left_180_fast	26	66	1	178	11748	2	31	1	1	128	128	0	0
charsys/alterna/anims/gen/alterna_turn_forward_medium.acp	alterna_turn_forward_medium	23	71	1	160	11360	2	34	1	1	146	146	0	0
charsys/alterna/anims/gen/alterna_turn_right_135_fast.acp	alterna_turn_right_135_fast	26	67	1	178	11926	2	31	1	1	128	128	0	0
charsys/alterna/anims/gen/alterna_turn_backward_fast.acp	alterna_turn_backward_fast	23	51	1	160	8160	2	34	1	1	146	146	0	0
charsys/alterna/anims/gen/alterna_extreme_medium_04.acp	alterna_extreme_medium_04	23	241	1	160	38560	2	34	1	1	146	146	0	0
charsys/alterna/anims/gen/alterna_stop_left_135_medium.acp	alterna_stop_left_135_medium	23	83	1	160	13280	2	34	1	1	146	146	0	0
charsys/alterna/anims/gen/alterna_extreme_medium_03.acp	alterna_extreme_medium_03	23	305	1	160	48800	2	34	1	1	146	146	0	0
charsys/alterna/anims/gen/alterna_extreme_medium_02.acp	alterna_extreme_medium_02	23	227	1	160	36320	2	34	1	1	146	146	0	0
charsys/alterna/anims/gen/alterna_extreme_medium_01.acp	alterna_extreme_medium_01	23	241	1	160	38560	2	34	1	1	146	146	0	0
charsys/alterna/anims/gen/alterna_walk_backward_fast.acp	alterna_walk_backward_fast	23	171	1	160	27360	2	34	1	1	146	146	0	0
charsys/alterna/anims/gen/alterna_walk_right_medium.acp	alterna_walk_right_medium	23	142	1	160	22720	2	34	1	1	146	146	0	0
charsys/alterna/anims/gen/alterna_walk_forward_fast.acp	alterna_walk_forward_fast	23	164	1	160	26240	2	34	1	1	146	146	0	0
charsys/alterna/anims/gen/alterna_turn_left_45_fast.acp	alterna_turn_left_45_fast	26	67	1	178	11926	2	31	1	1	128	128	0	0
charsys/alterna/anims/gen/alterna_walk_normal_left_medium.acp	alterna_walk_normal_left_medium	23	97	1	160	15520	2	34	1	1	146	146	0	0
charsys/alterna/anims/gen/alterna_stop_left_45_medium.acp	alterna_stop_left_45_medium	23	86	1	160	13760	2	34	1	1	146	146	0	0
charsys/alterna/anims/gen/alterna_stop_right_45_fast.acp	alterna_stop_right_45_fast	26	72	1	178	12816	2	31	1	1	128	128	0	0
charsys/alterna/anims/gen/alterna_stop_left_90_medium.acp	alterna_stop_left_90_medium	23	86	1	160	13760	2	34	1	1	146	146	0	0
charsys/alterna/anims/gen/alterna_stop_right_45_medium.acp	alterna_stop_right_45_medium	23	96	1	160	15360	2	34	1	1	146	146	0	0
charsys/alterna/anims/gen/alterna_stop_right_90_medium.acp	alterna_stop_right_90_medium	23	94	1	160	15040	2	34	1	1	146	146	0	0
charsys/alterna/anims/gen/alterna_special_02.acp	alterna_special_02	46	145	1	266	38570	2	11	1	1	40	40	0	0
charsys/alterna/anims/gen/alterna_extreme_fast_05.acp	alterna_extreme_fast_05	26	246	1	178	43788	2	31	1	1	128	128	0	0
charsys/alterna/anims/gen/alterna_special_01.acp	alterna_special_01	43	121	1	242	29282	2	14	1	1	64	64	0	0
charsys/alterna/anims/gen/alterna_extreme_fast_04.acp	alterna_extreme_fast_04	23	187	1	160	29920	2	34	1	1	146	146	0	0
charsys/alterna/anims/gen/alterna_extreme_fast_03.acp	alterna_extreme_fast_03	24	263	1	162	42606	2	33	1	1	144	144	0	0
charsys/alterna/anims/gen/alterna_stop_forward_fast.acp	alterna_stop_forward_fast	26	59	1	178	10502	2	31	1	1	128	128	0	0
charsys/alterna/anims/gen/alterna_extreme_fast_02.acp	alterna_extreme_fast_02	23	231	1	160	36960	2	34	1	1	146	146	0	0
charsys/alterna/anims/gen/alterna_extreme_fast_01.acp	alterna_extreme_fast_01	23	231	1	160	36960	2	34	1	1	146	146	0	0
charsys/alterna/anims/gen/alterna_stand_medium_04.acp	alterna_stand_medium_04	23	154	1	160	24640	2	34	1	1	146	146	0	0
charsys/alterna/anims/gen/alterna_stand_medium_03.acp	alterna_stand_medium_03	22	146	1	158	23068	2	35	1	1	148	148	0	0
charsys/alterna/anims/gen/alterna_stand_medium_01.acp	alterna_stand_medium_01	23	162	1	160	25920	2	34	1	1	146	146	0	0
charsys/alterna/anims/gen/alterna_stop_left_135_fast.acp	alterna_stop_left_135_fast	26	74	1	178	13172	2	31	1	1	128	128	0	0
charsys/alterna/anims/gen/alterna_walk_forward_medium.acp	alterna_walk_forward_medium	23	157	1	160	25120	2	34	1	1	146	146	0	0
charsys/alterna/anims/gen/alterna_turn_right_180_fast.acp	alterna_turn_right_180_fast	26	82	1	178	14596	2	31	1	1	128	128	0	0
charsys/alterna/anims/gen/alterna_idle_fast.acp	alterna_idle_fast	23	177	1	160	28320	2	34	1	1	146	146	0	0
charsys/alterna/anims/gen/alterna_turn_right_45_fast.acp	alterna_turn_right_45_fast	26	72	1	178	12816	2	31	1	1	128	128	0	0
charsys/alterna/anims/gen/alterna_turn_left_90_fast.acp	alterna_turn_left_90_fast	26	91	1	178	16198	2	31	1	1	128	128	0	0
charsys/alterna/anims/gen/alterna_turn_left_135_medium.acp	alterna_turn_left_135_medium	23	75	1	160	12000	2	34	1	1	146	146	0	0
charsys/alterna/anims/gen/alterna_walk_right_fast.acp	alterna_walk_right_fast	23	121	1	160	19360	2	34	1	1	146	146	0	0
charsys/alterna/anims/gen/alterna_walk_backward_medium.acp	alterna_walk_backward_medium	26	196	1	178	34888	2	31	1	1	128	128	0	0
charsys/alterna/anims/gen/alterna_stop_right_90_fast.acp	alterna_stop_right_90_fast	26	75	1	178	13350	2	31	1	1	128	128	0	0
charsys/alterna/anims/gen/alterna_stand_fast_03.acp	alterna_stand_fast_03	23	146	1	160	23360	2	34	1	1	146	146	0	0
charsys/alterna/anims/gen/alterna_stop_backward_medium.acp	alterna_stop_backward_medium	26	85	1	178	15130	2	31	1	1	128	128	0	0
charsys/alterna/anims/gen/alterna_stand_fast_02.acp	alterna_stand_fast_02	23	154	1	160	24640	2	34	1	1	146	146	0	0
charsys/alterna/anims/gen/alterna_turn_left_180_medium.acp	alterna_turn_left_180_medium	23	95	1	160	15200	2	34	1	1	146	146	0	0
charsys/alterna/anims/gen/alterna_stand_fast_01.acp	alterna_stand_fast_01	23	159	1	160	25440	2	34	1	1	146	146	0	0
charsys/alterna/anims/gen/alterna_turn_left_45_medium.acp	alterna_turn_left_45_medium	23	89	1	160	14240	2	34	1	1	146	146	0	0
charsys/alterna/anims/gen/alterna_walk_normal_forward_medium.acp	alterna_walk_normal_forward_medium	23	130	1	160	20800	2	34	1	1	146	146	0	0
charsys/alterna/anims/gen/alterna_walk_left_fast.acp	alterna_walk_left_fast	23	121	1	160	19360	2	34	1	1	146	146	0	0
charsys/alterna/anims/gen/alterna_turn_right_45_medium.acp	alterna_turn_right_45_medium	23	96	1	160	15360	2	34	1	1	146	146	0	0
charsys/alterna/anims/gen/alterna_walk_normal_left_fast.acp	alterna_walk_normal_left_fast	23	57	1	160	9120	2	34	1	1	146	146	0	0
charsys/alterna/anims/gen/alterna_stop_forward_medium.acp	alterna_stop_forward_medium	23	90	1	160	14400	2	34	1	1	146	146	0	0
charsys/alterna/anims/gen/alterna_stop_right_135_fast.acp	alterna_stop_right_135_fast	23	76	1	160	12160	2	34	1	1	146	146	0	0
charsys/alterna/anims/gen/alterna_walk_normal_right_fast.acp	alterna_walk_normal_right_fast	23	68	1	160	10880	2	34	1	1	146	146	0	0
charsys/alterna/anims/gen/alterna_intro_02.acp	alterna_intro_02	39	145	1	234	33930	2	18	1	1	72	72	0	0
charsys/alterna/anims/gen/alterna_intro_01.acp	alterna_intro_01	38	271	1	226	61246	2	19	1	1	80	80	0	0
charsys/alterna/anims/gen/alterna_turn_left_90_medium.acp	alterna_turn_left_90_medium	23	86	1	160	13760	2	34	1	1	146	146	0	0
charsys/alterna/anims/gen/alterna_stop_right_135_medium.acp	alterna_stop_right_135_medium	23	87	1	160	13920	2	34	1	1	146	146	0	0
charsys/alterna/anims/gen/alterna_turn_right_90_medium.acp	alterna_turn_right_90_medium	23	86	1	160	13760	2	34	1	1	146	146	0	0
charsys/alterna/anims/gen/alterna_stop_left_45_fast.acp	alterna_stop_left_45_fast	26	68	1	178	12104	2	31	1	1	128	128	0	0
charsys/alterna/anims/gen/alterna_walk_normal_backward_medium.acp	alterna_walk_normal_backward_medium	23	163	1	160	26080	2	34	1	1	146	146	0	0
charsys/alterna/anims/gen/alterna_turn_left_135_fast.acp	alterna_turn_left_135_fast	26	71	1	178	12638	2	31	1	1	128	128	0	0
charsys/alterna/anims/gen/alterna_turn_right_135_medium.acp	alterna_turn_right_135_medium	23	77	1	160	12320	2	34	1	1	146	146	0	0
charsys/alterna/anims/gen/alterna_turn_forward_fast.acp	alterna_turn_forward_fast	23	61	1	160	9760	2	34	1	1	146	146	0	0
charsys/alterna/anims/gen/alterna_turn_right_180_medium.acp	alterna_turn_right_180_medium	23	105	1	160	16800	2	34	1	1	146	146	0	0
charsys/alterna/anims/gen/alterna_turn_right_90_fast.acp	alterna_turn_right_90_fast	26	86	1	178	15308	2	31	1	1	128	128	0	0
charsys/alterna/anims/gen/alterna_walk_normal_backward_fast.acp	alterna_walk_normal_backward_fast	23	121	1	160	19360	2	34	1	1	146	146	0	0
charsys/alterna/anims/gen/alterna_stop_backward_fast.acp	alterna_stop_backward_fast	26	68	1	178	12104	2	31	1	1	128	128	0	0
charsys/alterna/anims/gen/alterna_stand_bad.acp	alterna_stand_bad	24	329	1	162	53298	2	33	1	1	144	144	0	0
charsys/alterna/anims/gen/alterna_win_03.acp	alterna_win_03	56	266	1	298	79268	2	1	1	1	8	8	0	0
charsys/alterna/anims/gen/alterna_win_02.acp	alterna_win_02	41	234	1	238	55692	2	16	1	1	68	68	0	0
charsys/alterna/anims/gen/alterna_win_01.acp	alterna_win_01	39	241	1	228	54948	2	18	1	1	78	78	0	0
charsys/alterna/anims/gen/alterna_walk_normal_right_medium.acp	alterna_walk_normal_right_medium	23	93	1	160	14880	2	34	1	1	146	146	0	0
charsys/alterna/anims/gen/alterna_walk_normal_forward_fast.acp	alterna_walk_normal_forward_fast	23	129	1	160	20640	2	34	1	1	146	146	0	0
charsys/classic/anims/finger/gen/finger_chord_bar.acp	finger_chord_bar	0	0	1	0	0	0	17	1	1	80	80	0	0
charsys/classic/anims/finger/gen/finger_vibrato_index.acp	finger_vibrato_index	5	9	1	28	252	0	12	1	1	52	52	0	0
charsys/classic/anims/finger/gen/strum_down_long.acp	strum_down_long	13	31	1	66	2046	0	7	1	1	32	32	0	0
charsys/classic/anims/finger/gen/strum_pluck_short.acp	strum_pluck_short	4	7	1	30	210	0	16	1	1	68	68	0	0
charsys/classic/anims/finger/gen/finger_vibrato_pinky.acp	finger_vibrato_pinky	9	9	1	48	432	0	8	1	1	32	32	0	0
charsys/classic/anims/finger/gen/finger_vibrato_pinky_hi.acp	finger_vibrato_pinky_hi	11	9	1	68	612	0	6	1	1	12	12	0	0
charsys/classic/anims/finger/gen/finger_open.acp	finger_open	0	0	1	0	0	0	17	1	1	80	80	0	0
charsys/classic/anims/finger/gen/finger_vibrato_ring.acp	finger_vibrato_ring	9	13	1	42	546	0	8	1	1	38	38	0	0
charsys/classic/anims/finger/gen/finger_hold_index.acp	finger_hold_index	0	0	1	0	0	0	17	1	1	80	80	0	0
charsys/classic/anims/finger/gen/finger_hold_ring.acp	finger_hold_ring	0	0	1	0	0	0	17	1	1	80	80	0	0
charsys/classic/anims/finger/gen/finger_vibrato_ring_hi.acp	finger_vibrato_ring_hi	13	10	1	72	720	0	4	1	1	8	8	0	0
charsys/classic/anims/finger/gen/finger_vibrato_index_hi.acp	finger_vibrato_index_hi	7	9	1	42	378	0	10	1	1	38	38	0	0
charsys/classic/anims/finger/gen/finger_hold_pinky.acp	finger_hold_pinky	0	0	1	0	0	0	17	1	1	80	80	0	0
charsys/classic/anims/finger/gen/finger_powerchord_2.acp	finger_powerchord_2	0	0	1	0	0	0	17	1	1	80	80	0	0
charsys/classic/anims/finger/gen/finger_powerchord_1.acp	finger_powerchord_1	0	0	1	0	0	0	17	1	1	80	80	0	0
charsys/classic/anims/finger/gen/finger_hold_ring_hi.acp	finger_hold_ring_hi	0	0	1	0	0	0	17	1	1	80	80	0	0
charsys/classic/anims/finger/gen/finger_hold_middle_hi.acp	finger_hold_middle_hi	0	0	1	0	0	0	17	1	1	80	80	0	0
charsys/classic/anims/finger/gen/finger_chord_openmajor.acp	finger_chord_openmajor	0	0	1	0	0	0	17	1	1	80	80	0	0
charsys/classic/anims/finger/gen/finger_chord_dmajor.acp	finger_chord_dmajor	0	0	1	0	0	0	17	1	1	80	80	0	0
charsys/classic/anims/finger/gen/finger_vibrato_middle.acp	finger_vibrato_middle	7	9	1	38	342	0	10	1	1	42	42	0	0
charsys/classic/anims/finger/gen/finger_chord_seventh.acp	finger_chord_seventh	0	0	1	0	0	0	17	1	1	80	80	0	0
charsys/classic/anims/finger/gen/finger_hold_middle.acp	finger_hold_middle	0	0	1	0	0	0	17	1	1	80	80	0	0
charsys/classic/anims/finger/gen/finger_hold_pinky_hi.acp	finger_hold_pinky_hi	0	0	1	0	0	0	17	1	1	80	80	0	0
charsys/classic/anims/finger/gen/finger_chord_cmajor.acp	finger_chord_cmajor	0	0	1	0	0	0	17	1	1	80	80	0	0
charsys/classic/anims/finger/gen/finger_hold_index_hi.acp	finger_hold_index_hi	0	0	1	0	0	0	17	1	1	80	80	0	0
charsys/classic/anims/finger/gen/strum_pluck_down.acp	strum_pluck_down	4	7	1	30	210	0	16	1	1	68	68	0	0
charsys/classic/anims/finger/gen/finger_vibrato_middle_hi.acp	finger_vibrato_middle_hi	9	9	1	52	468	0	8	1	1	28	28	0	0
charsys/classic/anims/finger/gen/finger_chord_openminor.acp	finger_chord_openminor	0	0	1	0	0	0	17	1	1	80	80	0	0
charsys/classic/anims/finger/gen/strum_open.acp	strum_open	0	0	1	0	0	0	20	1	1	98	98	0	0
charsys/punk/anims/editor/gen/punk_idle_ui.acp	punk_idle_ui	41	301	1	236	71036	0	14	1	1	56	56	0	0
charsys/metal_bass/anims/gen/bassist_active_fast.acp	bassist_active_fast	24	208	1	164	34112	0	7	1	1	26	26	0	0
charsys/metal_bass/anims/gen/bassist_win.acp	bassist_win	23	301	1	156	46956	0	8	1	1	34	34	0	0
charsys/metal_bass/anims/gen/bassist_lose.acp	bassist_lose	23	301	1	156	46956	0	8	1	1	34	34	0	0
charsys/metal_bass/anims/gen/bassist_active_medium.acp	bassist_active_medium	24	425	1	164	69700	0	7	1	1	26	26	0	0
charsys/metal_bass/anims/gen/bassist_idle.acp	bassist_idle	23	188	1	156	29328	0	8	1	1	34	34	0	0
charsys/classic/anims/editor/gen/classic_idle_ui.acp	classic_idle_ui	42	188	1	248	46624	0	13	1	1	44	44	0	0
charsys/punk/anims/gen/punk_stop_forward_fast.acp	punk_stop_forward_fast	26	59	1	178	10502	2	31	1	1	128	128	0	0
charsys/punk/anims/gen/punk_turn_right_135_medium.acp	punk_turn_right_135_medium	26	75	1	178	13350	2	31	1	1	128	128	0	0
charsys/punk/anims/gen/punk_walk_normal_left_medium.acp	punk_walk_normal_left_medium	26	150	1	178	26700	2	31	1	1	128	128	0	0
charsys/punk/anims/gen/punk_turn_backward_medium.acp	punk_turn_backward_medium	26	84	1	178	14952	2	31	1	1	128	128	0	0
charsys/punk/anims/gen/punk_turn_right_180_medium.acp	punk_turn_right_180_medium	26	78	1	178	13884	2	31	1	1	128	128	0	0
charsys/punk/anims/gen/punk_walk_normal_backward_fast.acp	punk_walk_normal_backward_fast	26	119	1	178	21182	2	31	1	1	128	128	0	0
charsys/punk/anims/gen/punk_turn_left_90_fast.acp	punk_turn_left_90_fast	26	91	1	178	16198	2	31	1	1	128	128	0	0
charsys/punk/anims/gen/punk_turn_left_135_fast.acp	punk_turn_left_135_fast	26	71	1	178	12638	2	31	1	1	128	128	0	0
charsys/punk/anims/gen/punk_walk_normal_backward_medium.acp	punk_walk_normal_backward_medium	26	206	1	178	36668	2	31	1	1	128	128	0	0
charsys/punk/anims/gen/punk_intro_02.acp	punk_intro_02	35	182	1	214	38948	2	22	1	1	92	92	0	0
charsys/punk/anims/gen/punk_intro_01.acp	punk_intro_01	40	217	1	230	49910	2	17	1	1	76	76	0	0
charsys/punk/anims/gen/punk_stop_left_135_medium.acp	punk_stop_left_135_medium	26	83	1	178	14774	2	31	1	1	128	128	0	0
charsys/punk/anims/gen/punk_idle_fast.acp	punk_idle_fast	21	152	1	156	23712	2	36	1	1	150	150	0	0
charsys/punk/anims/gen/punk_turn_right_90_fast.acp	punk_turn_right_90_fast	26	81	1	178	14418	2	31	1	1	128	128	0	0
charsys/punk/anims/gen/punk_stop_backward_fast.acp	punk_stop_backward_fast	23	68	1	160	10880	2	34	1	1	146	146	0	0
charsys/punk/anims/gen/punk_stand_fast_02.acp	punk_stand_fast_02	29	145	1	190	27550	2	28	1	1	116	116	0	0
charsys/punk/anims/gen/punk_stand_fast_01.acp	punk_stand_fast_01	19	145	1	140	20300	2	38	1	1	166	166	0	0
charsys/punk/anims/gen/punk_turn_forward_medium.acp	punk_turn_forward_medium	26	77	1	178	13706	2	31	1	1	128	128	0	0
charsys/punk/anims/gen/punk_turn_right_135_fast.acp	punk_turn_right_135_fast	26	67	1	178	11926	2	31	1	1	128	128	0	0
charsys/punk/anims/gen/punk_extreme_fast_04.acp	punk_extreme_fast_04	25	222	1	170	37740	2	32	1	1	136	136	0	0
charsys/punk/anims/gen/punk_stop_right_45_medium.acp	punk_stop_right_45_medium	26	89	1	178	15842	2	31	1	1	128	128	0	0
charsys/punk/anims/gen/punk_extreme_fast_03.acp	punk_extreme_fast_03	25	175	1	170	29750	2	32	1	1	136	136	0	0
charsys/punk/anims/gen/punk_stop_left_45_fast.acp	punk_stop_left_45_fast	26	68	1	178	12104	2	31	1	1	128	128	0	0
charsys/punk/anims/gen/punk_extreme_fast_02.acp	punk_extreme_fast_02	24	130	1	162	21060	2	33	1	1	144	144	0	0
charsys/punk/anims/gen/punk_extreme_fast_01.acp	punk_extreme_fast_01	23	276	1	160	44160	2	34	1	1	146	146	0	0
charsys/punk/anims/gen/punk_stand_medium_03.acp	punk_stand_medium_03	18	154	1	138	21252	2	39	1	1	168	168	0	0
charsys/punk/anims/gen/punk_stand_medium_02.acp	punk_stand_medium_02	22	220	1	152	33440	2	35	1	1	154	154	0	0
charsys/punk/anims/gen/punk_stand_medium_01.acp	punk_stand_medium_01	22	195	1	158	30810	2	35	1	1	148	148	0	0
charsys/punk/anims/gen/punk_turn_forward_fast.acp	punk_turn_forward_fast	26	73	1	178	12994	2	31	1	1	128	128	0	0
charsys/punk/anims/gen/punk_stop_right_90_medium.acp	punk_stop_right_90_medium	26	78	1	178	13884	2	31	1	1	128	128	0	0
charsys/punk/anims/gen/punk_stop_left_45_medium.acp	punk_stop_left_45_medium	26	86	1	178	15308	2	31	1	1	128	128	0	0
charsys/punk/anims/gen/punk_stop_left_90_medium.acp	punk_stop_left_90_medium	26	83	1	178	14774	2	31	1	1	128	128	0	0
charsys/punk/anims/gen/punk_walk_right_fast.acp	punk_walk_right_fast	26	51	1	178	9078	2	31	1	1	128	128	0	0
charsys/punk/anims/gen/punk_turn_left_180_fast.acp	punk_turn_left_180_fast	26	66	1	178	11748	2	31	1	1	128	128	0	0
charsys/punk/anims/gen/punk_turn_backward_fast.acp	punk_turn_backward_fast	26	68	1	178	12104	2	31	1	1	128	128	0	0
charsys/punk/anims/gen/punk_walk_backward_fast.acp	punk_walk_backward_fast	26	96	1	178	17088	2	31	1	1	128	128	0	0
charsys/punk/anims/gen/punk_turn_left_135_medium.acp	punk_turn_left_135_medium	26	77	1	178	13706	2	31	1	1	128	128	0	0
charsys/punk/anims/gen/punk_stop_right_45_fast.acp	punk_stop_right_45_fast	26	72	1	178	12816	2	31	1	1	128	128	0	0
charsys/punk/anims/gen/punk_walk_backward_medium.acp	punk_walk_backward_medium	26	111	1	178	19758	2	31	1	1	128	128	0	0
charsys/punk/anims/gen/punk_stand_bad.acp	punk_stand_bad	25	242	1	170	41140	2	32	1	1	136	136	0	0
charsys/punk/anims/gen/punk_stop_backward_medium.acp	punk_stop_backward_medium	26	85	1	178	15130	2	31	1	1	128	128	0	0
charsys/punk/anims/gen/punk_turn_left_180_medium.acp	punk_turn_left_180_medium	26	86	1	178	15308	2	31	1	1	128	128	0	0
charsys/punk/anims/gen/punk_walk_normal_right_medium.acp	punk_walk_normal_right_medium	26	132	1	178	23496	2	31	1	1	128	128	0	0
charsys/punk/anims/gen/punk_walk_normal_forward_fast.acp	punk_walk_normal_forward_fast	26	105	1	178	18690	2	31	1	1	128	128	0	0
charsys/punk/anims/gen/punk_walk_forward_medium.acp	punk_walk_forward_medium	26	129	1	178	22962	2	31	1	1	128	128	0	0
charsys/punk/anims/gen/punk_turn_right_180_fast.acp	punk_turn_right_180_fast	26	82	1	178	14596	2	31	1	1	128	128	0	0
charsys/punk/anims/gen/punk_stop_left_90_fast.acp	punk_stop_left_90_fast	26	75	1	178	13350	2	31	1	1	128	128	0	0
charsys/punk/anims/gen/punk_special_02.acp	punk_special_02	56	151	1	304	45904	2	1	1	1	2	2	0	0
charsys/punk/anims/gen/punk_special_01.acp	punk_special_01	26	229	1	178	40762	2	31	1	1	128	128	0	0
charsys/punk/anims/gen/punk_walk_left_medium.acp	punk_walk_left_medium	26	76	1	178	13528	2	31	1	1	128	128	0	0
charsys/punk/anims/gen/punk_turn_right_45_medium.acp	punk_turn_right_45_medium	26	71	1	178	12638	2	31	1	1	128	128	0	0
charsys/punk/anims/gen/punk_extreme_medium_04.acp	punk_extreme_medium_04	24	211	1	162	34182	2	33	1	1	144	144	0	0
charsys/punk/anims/gen/punk_extreme_medium_03.acp	punk_extreme_medium_03	26	143	1	178	25454	2	31	1	1	128	128	0	0
charsys/punk/anims/gen/punk_extreme_medium_02.acp	punk_extreme_medium_02	26	112	1	178	19936	2	31	1	1	128	128	0	0
charsys/punk/anims/gen/punk_extreme_medium_01.acp	punk_extreme_medium_01	25	243	1	170	41310	2	32	1	1	136	136	0	0
charsys/punk/anims/gen/punk_win_final.acp	punk_win_final	55	551	1	290	159790	2	2	1	1	16	16	0	0
charsys/punk/anims/gen/punk_walk_right_medium.acp	punk_walk_right_medium	26	67	1	178	11926	2	31	1	1	128	128	0	0
charsys/punk/anims/gen/punk_walk_forward_fast.acp	punk_walk_forward_fast	26	122	1	178	21716	2	31	1	1	128	128	0	0
charsys/punk/anims/gen/punk_turn_left_45_fast.acp	punk_turn_left_45_fast	26	67	1	178	11926	2	31	1	1	128	128	0	0
charsys/punk/anims/gen/punk_turn_right_90_medium.acp	punk_turn_right_90_medium	26	70	1	178	12460	2	31	1	1	128	128	0	0
charsys/punk/anims/gen/punk_walk_left_fast.acp	punk_walk_left_fast	26	57	1	178	10146	2	31	1	1	128	128	0	0
charsys/punk/anims/gen/punk_turn_left_45_medium.acp	punk_turn_left_45_medium	26	76	1	178	13528	2	31	1	1	128	128	0	0
charsys/punk/anims/gen/punk_walk_normal_right_fast.acp	punk_walk_normal_right_fast	26	94	1	178	16732	2	31	1	1	128	128	0	0
charsys/punk/anims/gen/punk_lose_02.acp	punk_lose_02	42	228	1	264	60192	2	15	1	1	42	42	0	0
charsys/punk/anims/gen/punk_idle_medium.acp	punk_idle_medium	23	152	1	160	24320	2	34	1	1	146	146	0	0
charsys/punk/anims/gen/punk_lose_01.acp	punk_lose_01	39	161	1	234	37674	2	18	1	1	72	72	0	0
charsys/punk/anims/gen/punk_stop_left_135_fast.acp	punk_stop_left_135_fast	26	74	1	178	13172	2	31	1	1	128	128	0	0
charsys/punk/anims/gen/punk_turn_right_45_fast.acp	punk_turn_right_45_fast	26	72	1	178	12816	2	31	1	1	128	128	0	0
charsys/punk/anims/gen/punk_stop_forward_medium.acp	punk_stop_forward_medium	26	79	1	178	14062	2	31	1	1	128	128	0	0
charsys/punk/anims/gen/punk_walk_normal_left_fast.acp	punk_walk_normal_left_fast	26	90	1	178	16020	2	31	1	1	128	128	0	0
charsys/punk/anims/gen/punk_stop_right_135_fast.acp	punk_stop_right_135_fast	26	76	1	178	13528	2	31	1	1	128	128	0	0
charsys/punk/anims/gen/punk_win_03.acp	punk_win_03	51	245	1	282	69090	2	6	1	1	24	24	0	0
charsys/punk/anims/gen/punk_win_02.acp	punk_win_02	41	171	1	238	40698	2	16	1	1	68	68	0	0
charsys/punk/anims/gen/punk_turn_left_90_medium.acp	punk_turn_left_90_medium	26	83	1	178	14774	2	31	1	1	128	128	0	0
charsys/punk/anims/gen/punk_win_01.acp	punk_win_01	41	139	1	238	33082	2	16	1	1	68	68	0	0
charsys/punk/anims/gen/punk_walk_normal_forward_medium.acp	punk_walk_normal_forward_medium	26	179	1	178	31862	2	31	1	1	128	128	0	0
charsys/punk/anims/gen/punk_stop_right_135_medium.acp	punk_stop_right_135_medium	26	70	1	178	12460	2	31	1	1	128	128	0	0
charsys/punk/anims/gen/punk_stop_right_90_fast.acp	punk_stop_right_90_fast	26	70	1	178	12460	2	31	1	1	128	128	0	0
charsys/hair_metal/anims/finger/gen/finger_chord_bar.acp	finger_chord_bar	0	0	1	0	0	0	17	1	1	80	80	0	0
charsys/hair_metal/anims/finger/gen/finger_vibrato_index.acp	finger_vibrato_index	5	9	1	28	252	0	12	1	1	52	52	0	0
charsys/hair_metal/anims/finger/gen/strum_down_long.acp	strum_down_long	13	31	1	66	2046	0	7	1	1	32	32	0	0
charsys/hair_metal/anims/finger/gen/strum_pluck_short.acp	strum_pluck_short	1	7	1	8	56	0	19	1	1	90	90	0	0
charsys/hair_metal/anims/finger/gen/finger_vibrato_pinky.acp	finger_vibrato_pinky	9	9	1	48	432	0	8	1	1	32	32	0	0
charsys/hair_metal/anims/finger/gen/finger_vibrato_pinky_hi.acp	finger_vibrato_pinky_hi	11	9	1	68	612	0	6	1	1	12	12	0	0
charsys/hair_metal/anims/finger/gen/finger_open.acp	finger_open	0	0	1	0	0	0	17	1	1	80	80	0	0
charsys/hair_metal/anims/finger/gen/finger_vibrato_ring.acp	finger_vibrato_ring	9	13	1	42	546	0	8	1	1	38	38	0	0
charsys/hair_metal/anims/finger/gen/finger_hold_index.acp	finger_hold_index	0	0	1	0	0	0	17	1	1	80	80	0	0
charsys/hair_metal/anims/finger/gen/finger_hold_ring.acp	finger_hold_ring	0	0	1	0	0	0	17	1	1	80	80	0	0
charsys/hair_metal/anims/finger/gen/finger_vibrato_ring_hi.acp	finger_vibrato_ring_hi	13	10	1	72	720	0	4	1	1	8	8	0	0
charsys/hair_metal/anims/finger/gen/finger_vibrato_index_hi.acp	finger_vibrato_index_hi	7	9	1	42	378	0	10	1	1	38	38	0	0
charsys/hair_metal/anims/finger/gen/finger_hold_pinky.acp	finger_hold_pinky	0	0	1	0	0	0	17	1	1	80	80	0	0
charsys/hair_metal/anims/finger/gen/finger_powerchord_2.acp	finger_powerchord_2	0	0	1	0	0	0	17	1	1	80	80	0	0
charsys/hair_metal/anims/finger/gen/finger_powerchord_1.acp	finger_powerchord_1	0	0	1	0	0	0	17	1	1	80	80	0	0
charsys/hair_metal/anims/finger/gen/finger_hold_ring_hi.acp	finger_hold_ring_hi	0	0	1	0	0	0	17	1	1	80	80	0	0
charsys/hair_metal/anims/finger/gen/finger_hold_middle_hi.acp	finger_hold_middle_hi	0	0	1	0	0	0	17	1	1	80	80	0	0
charsys/hair_metal/anims/finger/gen/finger_chord_openmajor.acp	finger_chord_openmajor	0	0	1	0	0	0	17	1	1	80	80	0	0
charsys/hair_metal/anims/finger/gen/finger_chord_dmajor.acp	finger_chord_dmajor	0	0	1	0	0	0	17	1	1	80	80	0	0
charsys/hair_metal/anims/finger/gen/finger_vibrato_middle.acp	finger_vibrato_middle	7	9	1	38	342	0	10	1	1	42	42	0	0
charsys/hair_metal/anims/finger/gen/finger_chord_seventh.acp	finger_chord_seventh	0	0	1	0	0	0	17	1	1	80	80	0	0
charsys/hair_metal/anims/finger/gen/finger_hold_middle.acp	finger_hold_middle	0	0	1	0	0	0	17	1	1	80	80	0	0
charsys/hair_metal/anims/finger/gen/finger_hold_pinky_hi.acp	finger_hold_pinky_hi	0	0	1	0	0	0	17	1	1	80	80	0	0
charsys/hair_metal/anims/finger/gen/finger_chord_cmajor.acp	finger_chord_cmajor	0	0	1	0	0	0	17	1	1	80	80	0	0
charsys/hair_metal/anims/finger/gen/finger_hold_index_hi.acp	finger_hold_index_hi	0	0	1	0	0	0	17	1	1	80	80	0	0
charsys/hair_metal/anims/finger/gen/strum_pluck_down.acp	strum_pluck_down	4	7	1	30	210	0	16	1	1	68	68	0	0
charsys/hair_metal/anims/finger/gen/finger_vibrato_middle_hi.acp	finger_vibrato_middle_hi	9	9	1	52	468	0	8	1	1	28	28	0	0
charsys/hair_metal/anims/finger/gen/finger_chord_openminor.acp	finger_chord_openminor	0	0	1	0	0	0	17	1	1	80	80	0	0
charsys/hair_metal/anims/finger/gen/strum_open.acp	strum_open	0	0	1	0	0	0	20	1	1	98	98	0	0
charsys/crowd/anims/gen/crowd_female01_idle.acp	crowd_female01_idle	17	174	1	122	21228	0	3	1	1	6	6	0	0
charsys/crowd/anims/gen/crowd_male02_clap.acp	crowd_male02_clap	18	109	1	124	13516	0	2	1	1	4	4	0	0
charsys/crowd/anims/gen/crowd_male02_bad.acp	crowd_male02_bad	18	146	1	124	18104	0	2	1	1	4	4	0	0
charsys/crowd/anims/gen/crowd_male01_clap_high.acp	crowd_male01_clap_high	18	150	1	124	18600	0	2	1	1	4	4	0	0
charsys/crowd/anims/gen/crowd_male02_ok.acp	crowd_male02_ok	18	215	1	124	26660	0	2	1	1	4	4	0	0
charsys/crowd/anims/gen/crowd_male01_clap.acp	crowd_male01_clap	18	109	1	124	13516	0	2	1	1	4	4	0	0
charsys/crowd/anims/gen/crowd_male01_1armpump.acp	crowd_male01_1armpump	18	150	1	124	18600	0	2	1	1	4	4	0	0
charsys/crowd/anims/gen/crowd_female01_2armpump.acp	crowd_female01_2armpump	18	93	1	124	11532	0	2	1	1	4	4	0	0
charsys/crowd/anims/gen/crowd_male01_boo.acp	crowd_male01_boo	18	181	1	124	22444	0	2	1	1	4	4	0	0
charsys/crowd/anims/gen/crowd_male02_clap_high.acp	crowd_male02_clap_high	18	150	1	124	18600	0	2	1	1	4	4	0	0
charsys/crowd/anims/gen/crowd_female01_clap.acp	crowd_female01_clap	18	106	1	124	13144	0	2	1	1	4	4	0	0
charsys/crowd/anims/gen/crowd_male02_boo.acp	crowd_male02_boo	18	181	1	124	22444	0	2	1	1	4	4	0	0
charsys/crowd/anims/gen/crowd_male02_2armpump.acp	crowd_male02_2armpump	18	160	1	124	19840	0	2	1	1	4	4	0	0
charsys/crowd/anims/gen/crowd_male01_ok.acp	crowd_male01_ok	18	204	1	124	25296	0	2	1	1	4	4	0	0
charsys/crowd/anims/gen/crowd_female01_bad.acp	crowd_female01_bad	18	123	1	124	15252	0	2	1	1	4	4	0	0
charsys/crowd/anims/gen/crowd_male02_idle.acp	crowd_male02_idle	18	321	1	124	39804	0	2	1	1	4	4	0	0
charsys/crowd/anims/gen/crowd_female01_clap_high.acp	crowd_female01_clap_high	18	86	1	124	10664	0	2	1	1	4	4	0	0
charsys/crowd/anims/gen/crowd_female01_jump_02.acp	crowd_female01_jump_02	18	101	1	124	12524	0	2	1	1	4	4	0	0
charsys/crowd/anims/gen/crowd_female01_1armpump.acp	crowd_female01_1armpump	18	119	1	124	14756	0	2	1	1	4	4	0	0
charsys/crowd/anims/gen/crowd_female01_jump_01.acp	crowd_female01_jump_01	18	133	1	124	16492	0	2	1	1	4	4	0	0
charsys/crowd/anims/gen/crowd_male02_jump.acp	crowd_male02_jump	18	133	1	124	16492	0	2	1	1	4	4	0	0
charsys/crowd/anims/gen/crowd_male01_jump_02.acp	crowd_male01_jump_02	18	108	1	124	13392	0	2	1	1	4	4	0	0
charsys/crowd/anims/gen/crowd_male01_jump_01.acp	crowd_male01_jump_01	18	133	1	124	16492	0	2	1	1	4	4	0	0
charsys/crowd/anims/gen/crowd_male01_idle.acp	crowd_male01_idle	18	321	1	124	39804	0	2	1	1	4	4	0	0
charsys/crowd/anims/gen/crowd_female01_ok.acp	crowd_female01_ok	18	151	1	124	18724	0	2	1	1	4	4	0	0
charsys/crowd/anims/gen/crowd_male01_2armpump.acp	crowd_male01_2armpump	18	160	1	124	19840	0	2	1	1	4	4	0	0
charsys/crowd/anims/gen/crowd_male02_1armpump.acp	crowd_male02_1armpump	18	150	1	124	18600	0	2	1	1	4	4	0	0
charsys/crowd/anims/gen/crowd_male01_bad.acp	crowd_male01_bad	18	146	1	124	18104	0	2	1	1	4	4	0	0
charsys/crowd/anims/gen/crowd_female01_boo.acp	crowd_female01_boo	18	90	1	124	11160	0	2	1	1	4	4	0	0
charsys/hair_metal/anims/editor/gen/hair_idle_ui.acp	hair_idle_ui	53	296	1	282	83472	0	2	1	1	10	10	0	0
charsys/female_singer/anims/gen/female_singer_active_medium.acp	female_singer_active_medium	24	292	1	164	47888	0	2	1	1	10	10	0	0
charsys/female_singer/anims/gen/female_singer_lose.acp	female_singer_lose	22	283	1	144	40752	0	4	1	1	30	30	0	0
charsys/female_singer/anims/gen/female_singer_active_fast.acp	female_singer_active_fast	24	208	1	160	33280	0	2	1	1	14	14	0	0
charsys/female_singer/anims/gen/female_singer_idle.acp	female_singer_idle	21	143	1	136	19448	0	5	1	1	38	38	0	0
charsys/female_singer/anims/gen/female_singer_win.acp	female_singer_win	22	301	1	144	43344	0	4	1	1	30	30	0	0
charsys/hair_metal/anims/gen/hair_stand_medium_03.acp	hair_stand_medium_03	24	154	1	180	27720	2	36	1	1	150	150	0	0
charsys/hair_metal/anims/gen/hair_turn_right_45_medium.acp	hair_turn_right_45_medium	29	71	1	202	14342	2	31	1	1	128	128	0	0
charsys/hair_metal/anims/gen/hair_stand_medium_02.acp	hair_stand_medium_02	26	220	1	184	40480	2	34	1	1	146	146	0	0
charsys/hair_metal/anims/gen/hair_turn_left_45_medium.acp	hair_turn_left_45_medium	29	76	1	202	15352	2	31	1	1	128	128	0	0
charsys/hair_metal/anims/gen/hair_stand_medium_01.acp	hair_stand_medium_01	25	195	1	182	35490	2	35	1	1	148	148	0	0
charsys/hair_metal/anims/gen/hair_turn_left_180_fast.acp	hair_turn_left_180_fast	29	66	1	202	13332	2	31	1	1	128	128	0	0
charsys/hair_metal/anims/gen/hair_stop_forward_medium.acp	hair_stop_forward_medium	29	79	1	202	15958	2	31	1	1	128	128	0	0
charsys/hair_metal/anims/gen/hair_stop_right_135_fast.acp	hair_stop_right_135_fast	29	76	1	202	15352	2	31	1	1	128	128	0	0
charsys/hair_metal/anims/gen/hair_turn_backward_fast.acp	hair_turn_backward_fast	29	68	1	202	13736	2	31	1	1	128	128	0	0
charsys/hair_metal/anims/gen/hair_turn_right_90_medium.acp	hair_turn_right_90_medium	29	70	1	202	14140	2	31	1	1	128	128	0	0
charsys/hair_metal/anims/gen/hair_turn_left_90_medium.acp	hair_turn_left_90_medium	29	83	1	202	16766	2	31	1	1	128	128	0	0
charsys/hair_metal/anims/gen/hair_stand_fast_03.acp	hair_stand_fast_03	27	206	1	198	40788	2	33	1	1	132	132	0	0
charsys/hair_metal/anims/gen/hair_walk_backward_fast.acp	hair_walk_backward_fast	28	81	1	194	15714	2	32	1	1	136	136	0	0
charsys/hair_metal/anims/gen/hair_stand_fast_02.acp	hair_stand_fast_02	26	155	1	184	28520	2	34	1	1	146	146	0	0
charsys/hair_metal/anims/gen/hair_intro_03.acp	hair_intro_03	49	161	1	290	46690	2	11	1	1	40	40	0	0
charsys/hair_metal/anims/gen/hair_intro_01.acp	hair_intro_01	35	217	1	226	49042	2	25	1	1	104	104	0	0
charsys/hair_metal/anims/gen/hair_stop_forward_fast.acp	hair_stop_forward_fast	29	59	1	202	11918	2	31	1	1	128	128	0	0
charsys/hair_metal/anims/gen/hair_lose_03.acp	hair_lose_03	40	190	1	248	47120	2	20	1	1	82	82	0	0
charsys/hair_metal/anims/gen/hair_lose_02.acp	hair_lose_02	40	228	1	248	56544	2	20	1	1	82	82	0	0
charsys/hair_metal/anims/gen/hair_walk_right_fast.acp	hair_walk_right_fast	29	83	1	202	16766	2	31	1	1	128	128	0	0
charsys/hair_metal/anims/gen/hair_stop_right_45_fast.acp	hair_stop_right_45_fast	29	72	1	202	14544	2	31	1	1	128	128	0	0
charsys/hair_metal/anims/gen/hair_walk_normal_forward_medium.acp	hair_walk_normal_forward_medium	29	179	1	202	36158	2	31	1	1	128	128	0	0
charsys/hair_metal/anims/gen/hair_walk_normal_backward_medium.acp	hair_walk_normal_backward_medium	29	206	1	202	41612	2	31	1	1	128	128	0	0
charsys/hair_metal/anims/gen/hair_walk_normal_left_fast.acp	hair_walk_normal_left_fast	29	90	1	202	18180	2	31	1	1	128	128	0	0
charsys/hair_metal/anims/gen/hair_walk_normal_backward_fast.acp	hair_walk_normal_backward_fast	29	119	1	202	24038	2	31	1	1	128	128	0	0
charsys/hair_metal/anims/gen/hair_turn_left_90_fast.acp	hair_turn_left_90_fast	29	91	1	202	18382	2	31	1	1	128	128	0	0
charsys/hair_metal/anims/gen/hair_stop_right_135_medium.acp	hair_stop_right_135_medium	29	70	1	202	14140	2	31	1	1	128	128	0	0
charsys/hair_metal/anims/gen/hair_win_02.acp	hair_win_02	44	164	1	262	42968	2	16	1	1	68	68	0	0
charsys/hair_metal/anims/gen/hair_win_01.acp	hair_win_01	55	154	1	308	47432	2	5	1	1	22	22	0	0
charsys/hair_metal/anims/gen/hair_turn_right_135_medium.acp	hair_turn_right_135_medium	29	75	1	202	15150	2	31	1	1	128	128	0	0
charsys/hair_metal/anims/gen/hair_turn_backward_medium.acp	hair_turn_backward_medium	29	84	1	202	16968	2	31	1	1	128	128	0	0
charsys/hair_metal/anims/gen/hair_walk_normal_right_medium.acp	hair_walk_normal_right_medium	29	122	1	202	24644	2	31	1	1	128	128	0	0
charsys/hair_metal/anims/gen/hair_walk_normal_forward_fast.acp	hair_walk_normal_forward_fast	29	103	1	202	20806	2	31	1	1	128	128	0	0
charsys/hair_metal/anims/gen/hair_turn_right_180_medium.acp	hair_turn_right_180_medium	29	78	1	202	15756	2	31	1	1	128	128	0	0
charsys/hair_metal/anims/gen/hair_stop_left_135_fast.acp	hair_stop_left_135_fast	29	74	1	202	14948	2	31	1	1	128	128	0	0
charsys/hair_metal/anims/gen/hair_turn_right_45_fast.acp	hair_turn_right_45_fast	29	72	1	202	14544	2	31	1	1	128	128	0	0
charsys/hair_metal/anims/gen/hair_idle_fast.acp	hair_idle_fast	25	152	1	182	27664	2	35	1	1	148	148	0	0
charsys/hair_metal/anims/gen/hair_stop_right_90_fast.acp	hair_stop_right_90_fast	29	75	1	202	15150	2	31	1	1	128	128	0	0
charsys/hair_metal/anims/gen/hair_stop_left_135_medium.acp	hair_stop_left_135_medium	29	83	1	202	16766	2	31	1	1	128	128	0	0
charsys/hair_metal/anims/gen/hair_stop_left_45_fast.acp	hair_stop_left_45_fast	29	68	1	202	13736	2	31	1	1	128	128	0	0
charsys/hair_metal/anims/gen/hair_turn_forward_medium.acp	hair_turn_forward_medium	29	77	1	202	15554	2	31	1	1	128	128	0	0
charsys/hair_metal/anims/gen/hair_turn_right_135_fast.acp	hair_turn_right_135_fast	29	67	1	202	13534	2	31	1	1	128	128	0	0
charsys/hair_metal/anims/gen/hair_walk_left_medium.acp	hair_walk_left_medium	29	82	1	202	16564	2	31	1	1	128	128	0	0
charsys/hair_metal/anims/gen/hair_turn_forward_fast.acp	hair_turn_forward_fast	29	81	1	202	16362	2	31	1	1	128	128	0	0
charsys/hair_metal/anims/gen/hair_stop_left_45_medium.acp	hair_stop_left_45_medium	29	86	1	202	17372	2	31	1	1	128	128	0	0
charsys/hair_metal/anims/gen/hair_stop_right_45_medium.acp	hair_stop_right_45_medium	29	89	1	202	17978	2	31	1	1	128	128	0	0
charsys/hair_metal/anims/gen/hair_stop_left_90_medium.acp	hair_stop_left_90_medium	29	83	1	202	16766	2	31	1	1	128	128	0	0
charsys/hair_metal/anims/gen/hair_stop_right_90_medium.acp	hair_stop_right_90_medium	29	78	1	202	15756	2	31	1	1	128	128	0	0
charsys/hair_metal/anims/gen/hair_turn_left_135_fast.acp	hair_turn_left_135_fast	29	71	1	202	14342	2	31	1	1	128	128	0	0
charsys/hair_metal/anims/gen/hair_turn_right_90_fast.acp	hair_turn_right_90_fast	29	81	1	202	16362	2	31	1	1	128	128	0	0
charsys/hair_metal/anims/gen/hair_stop_backward_fast.acp	hair_stop_backward_fast	29	68	1	202	13736	2	31	1	1	128	128	0	0
charsys/hair_metal/anims/gen/hair_walk_normal_right_fast.acp	hair_walk_normal_right_fast	29	93	1	202	18786	2	31	1	1	128	128	0	0
charsys/hair_metal/anims/gen/hair_special_02.acp	hair_special_02	53	107	1	316	33812	2	7	1	1	14	14	0	0
charsys/hair_metal/anims/gen/hair_stand_bad.acp	hair_stand_bad	29	242	1	202	48884	2	31	1	1	128	128	0	0
charsys/hair_metal/anims/gen/hair_special_01.acp	hair_special_01	47	107	1	286	30602	2	13	1	1	44	44	0	0
charsys/hair_metal/anims/gen/hair_stop_left_90_fast.acp	hair_stop_left_90_fast	29	75	1	202	15150	2	31	1	1	128	128	0	0
charsys/hair_metal/anims/gen/hair_walk_forward_medium.acp	hair_walk_forward_medium	29	114	1	202	23028	2	31	1	1	128	128	0	0
charsys/hair_metal/anims/gen/hair_turn_right_180_fast.acp	hair_turn_right_180_fast	29	82	1	202	16564	2	31	1	1	128	128	0	0
charsys/hair_metal/anims/gen/hair_walk_left_fast.acp	hair_walk_left_fast	29	71	1	202	14342	2	31	1	1	128	128	0	0
charsys/hair_metal/anims/gen/hair_walk_normal_left_medium.acp	hair_walk_normal_left_medium	29	139	1	202	28078	2	31	1	1	128	128	0	0
charsys/hair_metal/anims/gen/hair_turn_left_135_medium.acp	hair_turn_left_135_medium	29	77	1	202	15554	2	31	1	1	128	128	0	0
charsys/hair_metal/anims/gen/hair_extreme_medium_04.acp	hair_extreme_medium_04	29	215	1	202	43430	2	31	1	1	128	128	0	0
charsys/hair_metal/anims/gen/hair_extreme_medium_02.acp	hair_extreme_medium_02	29	260	1	202	52520	2	31	1	1	128	128	0	0
charsys/hair_metal/anims/gen/hair_walk_backward_medium.acp	hair_walk_backward_medium	28	151	1	194	29294	2	32	1	1	136	136	0	0
charsys/hair_metal/anims/gen/hair_extreme_medium_01.acp	hair_extreme_medium_01	29	181	1	202	36562	2	31	1	1	128	128	0	0
charsys/hair_metal/anims/gen/hair_walk_right_medium.acp	hair_walk_right_medium	29	83	1	202	16766	2	31	1	1	128	128	0	0
charsys/hair_metal/anims/gen/hair_walk_forward_fast.acp	hair_walk_forward_fast	29	90	1	202	18180	2	31	1	1	128	128	0	0
charsys/hair_metal/anims/gen/hair_turn_left_45_fast.acp	hair_turn_left_45_fast	29	67	1	202	13534	2	31	1	1	128	128	0	0
charsys/hair_metal/anims/gen/hair_stop_backward_medium.acp	hair_stop_backward_medium	29	85	1	202	17170	2	31	1	1	128	128	0	0
charsys/hair_metal/anims/gen/hair_turn_left_180_medium.acp	hair_turn_left_180_medium	29	86	1	202	17372	2	31	1	1	128	128	0	0
charsys/hair_metal/anims/gen/hair_idle_medium.acp	hair_idle_medium	26	152	1	184	27968	2	34	1	1	146	146	0	0
charsys/hair_metal/anims/gen/hair_win_final.acp	hair_win_final	55	551	1	290	159790	2	5	1	1	40	40	0	0
charsys/hair_metal/anims/gen/hair_extreme_fast_04.acp	hair_extreme_fast_04	29	333	1	202	67266	2	31	1	1	128	128	0	0
charsys/hair_metal/anims/gen/hair_extreme_fast_03.acp	hair_extreme_fast_03	29	215	1	202	43430	2	31	1	1	128	128	0	0
charsys/hair_metal/anims/gen/hair_extreme_fast_02.acp	hair_extreme_fast_02	29	193	1	202	38986	2	31	1	1	128	128	0	0
charsys/hair_metal/anims/gen/hair_extreme_fast_01.acp	hair_extreme_fast_01	29	235	1	202	47470	2	31	1	1	128	128	0	0
charsys/metal/anims/finger/gen/finger_chord_bar.acp	finger_chord_bar	0	0	1	0	0	0	17	1	1	80	80	0	0
charsys/metal/anims/finger/gen/finger_vibrato_index.acp	finger_vibrato_index	5	9	1	28	252	0	12	1	1	52	52	0	0
charsys/metal/anims/finger/gen/strum_down_long.acp	strum_down_long	11	31	1	62	1922	0	9	1	1	36	36	0	0
charsys/metal/anims/finger/gen/strum_pluck_short.acp	strum_pluck_short	1	7	1	8	56	0	19	1	1	90	90	0	0
charsys/metal/anims/finger/gen/finger_vibrato_pinky.acp	finger_vibrato_pinky	9	9	1	48	432	0	8	1	1	32	32	0	0
charsys/metal/anims/finger/gen/finger_vibrato_pinky_hi.acp	finger_vibrato_pinky_hi	11	9	1	68	612	0	6	1	1	12	12	0	0
charsys/metal/anims/finger/gen/finger_open.acp	finger_open	0	0	1	0	0	0	17	1	1	80	80	0	0
charsys/metal/anims/finger/gen/finger_vibrato_ring.acp	finger_vibrato_ring	9	13	1	42	546	0	8	1	1	38	38	0	0
charsys/metal/anims/finger/gen/finger_hold_index.acp	finger_hold_index	0	0	1	0	0	0	17	1	1	80	80	0	0
charsys/metal/anims/finger/gen/finger_hold_ring.acp	finger_hold_ring	0	0	1	0	0	0	17	1	1	80	80	0	0
charsys/metal/anims/finger/gen/finger_vibrato_ring_hi.acp	finger_vibrato_ring_hi	13	10	1	72	720	0	4	1	1	8	8	0	0
charsys/metal/anims/finger/gen/finger_vibrato_index_hi.acp	finger_vibrato_index_hi	7	9	1	42	378	0	10	1	1	38	38	0	0
charsys/metal/anims/finger/gen/finger_hold_pinky.acp	finger_hold_pinky	0	0	1	0	0	0	17	1	1	80	80	0	0
charsys/metal/anims/finger/gen/finger_powerchord_2.acp	finger_powerchord_2	0	0	1	0	0	0	17	1	1	80	80	0	0
charsys/metal/anims/finger/gen/finger_powerchord_1.acp	finger_powerchord_1	0	0	1	0	0	0	17	1	1	80	80	0	0
charsys/metal/anims/finger/gen/finger_hold_ring_hi.acp	finger_hold_ring_hi	0	0	1	0	0	0	17	1	1	80	80	0	0
charsys/metal/anims/finger/gen/finger_hold_middle_hi.acp	finger_hold_middle_hi	0	0	1	0	0	0	17	1	1	80	80	0	0
charsys/metal/anims/finger/gen/finger_chord_openmajor.acp	finger_chord_openmajor	0	0	1	0	0	0	17	1	1	80	80	0	0
charsys/metal/anims/finger/gen/finger_chord_dmajor.acp	finger_chord_dmajor	0	0	1	0	0	0	17	1	1	80	80	0	0
charsys/metal/anims/finger/gen/finger_vibrato_middle.acp	finger_vibrato_middle	7	9	1	38	342	0	10	1	1	42	42	0	0
charsys/metal/anims/finger/gen/finger_chord_seventh.acp	finger_chord_seventh	0	0	1	0	0	0	17	1	1	80	80	0	0
charsys/metal/anims/finger/gen/finger_hold_middle.acp	finger_hold_middle	0	0	1	0	0	0	17	1	1	80	80	0	0
charsys/metal/anims/finger/gen/finger_hold_pinky_hi.acp	finger_hold_pinky_hi	0	0	1	0	0	0	17	1	1	80	80	0	0
charsys/metal/anims/finger/gen/finger_chord_cmajor.acp	finger_chord_cmajor	0	0	1	0	0	0	17	1	1	80	80	0	0
charsys/metal/anims/finger/gen/finger_hold_index_hi.acp	finger_hold_index_hi	0	0	1	0	0	0	17	1	1	80	80	0	0
charsys/metal/anims/finger/gen/strum_pluck_down.acp	strum_pluck_down	4	7	1	30	210	0	16	1	1	68	68	0	0
charsys/metal/anims/finger/gen/finger_vibrato_middle_hi.acp	finger_vibrato_middle_hi	9	9	1	52	468	0	8	1	1	28	28	0	0
charsys/metal/anims/finger/gen/finger_chord_openminor.acp	finger_chord_openminor	0	0	1	0	0	0	17	1	1	80	80	0	0
charsys/metal/anims/finger/gen/strum_open.acp	strum_open	0	0	1	0	0	0	20	1	1	98	98	0	0
charsys/grim/anims/wing/gen/grim_wings_win.acp	grim_wings_win	2	121	1	16	1936	0	0	1	1	0	0	0	0
charsys/grim/anims/wing/gen/grim_wings_lose.acp	grim_wings_lose	2	121	1	16	1936	0	0	1	1	0	0	0	0
charsys/grim/anims/wing/gen/grim_wings_idle.acp	grim_wings_idle	2	76	1	16	1216	0	0	1	1	0	0	0	0
charsys/grim/anims/finger/gen/finger_chord_bar.acp	finger_chord_bar	0	0	1	0	0	0	17	1	1	80	80	0	0
charsys/grim/anims/finger/gen/finger_vibrato_index.acp	finger_vibrato_index	5	9	1	28	252	0	12	1	1	52	52	0	0
charsys/grim/anims/finger/gen/strum_down_long.acp	strum_down_long	14	31	1	74	2294	0	6	1	1	24	24	0	0
charsys/grim/anims/finger/gen/strum_pluck_short.acp	strum_pluck_short	4	7	1	30	210	0	16	1	1	68	68	0	0
charsys/grim/anims/finger/gen/finger_vibrato_pinky.acp	finger_vibrato_pinky	9	9	1	48	432	0	8	1	1	32	32	0	0
charsys/grim/anims/finger/gen/finger_vibrato_pinky_hi.acp	finger_vibrato_pinky_hi	11	9	1	68	612	0	6	1	1	12	12	0	0
charsys/grim/anims/finger/gen/finger_open.acp	finger_open	0	0	1	0	0	0	17	1	1	80	80	0	0
charsys/grim/anims/finger/gen/finger_vibrato_ring.acp	finger_vibrato_ring	9	13	1	42	546	0	8	1	1	38	38	0	0
charsys/grim/anims/finger/gen/finger_hold_index.acp	finger_hold_index	0	0	1	0	0	0	17	1	1	80	80	0	0
charsys/grim/anims/finger/gen/finger_hold_ring.acp	finger_hold_ring	0	0	1	0	0	0	17	1	1	80	80	0	0
charsys/grim/anims/finger/gen/finger_vibrato_ring_hi.acp	finger_vibrato_ring_hi	13	10	1	72	720	0	4	1	1	8	8	0	0
charsys/grim/anims/finger/gen/finger_vibrato_index_hi.acp	finger_vibrato_index_hi	7	9	1	42	378	0	10	1	1	38	38	0	0
charsys/grim/anims/finger/gen/finger_hold_pinky.acp	finger_hold_pinky	0	0	1	0	0	0	17	1	1	80	80	0	0
charsys/grim/anims/finger/gen/finger_powerchord_2.acp	finger_powerchord_2	0	0	1	0	0	0	17	1	1	80	80	0	0
charsys/grim/anims/finger/gen/finger_powerchord_1.acp	finger_powerchord_1	0	0	1	0	0	0	17	1	1	80	80	0	0
charsys/grim/anims/finger/gen/finger_hold_ring_hi.acp	finger_hold_ring_hi	0	0	1	0	0	0	17	1	1	80	80	0	0
charsys/grim/anims/finger/gen/finger_hold_middle_hi.acp	finger_hold_middle_hi	0	0	1	0	0	0	17	1	1	80	80	0	0
charsys/grim/anims/finger/gen/finger_chord_openmajor.acp	finger_chord_openmajor	0	0	1	0	0	0	17	1	1	80	80	0	0
charsys/grim/anims/finger/gen/finger_chord_dmajor.acp	finger_chord_dmajor	0	0	1	0	0	0	17	1	1	80	80	0	0
charsys/grim/anims/finger/gen/finger_vibrato_middle.acp	finger_vibrato_middle	7	9	1	38	342	0	10	1	1	42	42	0	0
charsys/grim/anims/finger/gen/finger_chord_seventh.acp	finger_chord_seventh	0	0	1	0	0	0	17	1	1	80	80	0	0
charsys/grim/anims/finger/gen/finger_hold_middle.acp	finger_hold_middle	0	0	1	0	0	0	17	1	1	80	80	0	0
charsys/grim/anims/finger/gen/finger_hold_pinky_hi.acp	finger_hold_pinky_hi	0	0	1	0	0	0	17	1	1	80	80	0	0
charsys/grim/anims/finger/gen/finger_chord_cmajor.acp	finger_chord_cmajor	0	0	1	0	0	0	17	1	1	80	80	0	0
charsys/grim/anims/finger/gen/finger_hold_index_hi.acp	finger_hold_index_hi	0	0	1	0	0	0	17	1	1	80	80	0	0
charsys/grim/anims/finger/gen/strum_pluck_down.acp	strum_pluck_down	4	7	1	30	210	0	16	1	1	68	68	0	0
charsys/grim/anims/finger/gen/finger_vibrato_middle_hi.acp	finger_vibrato_middle_hi	9	9	1	52	468	0	8	1	1	28	28	0	0
charsys/grim/anims/finger/gen/finger_chord_openminor.acp	finger_chord_openminor	0	0	1	0	0	0	17	1	1	80	80	0	0
charsys/grim/anims/finger/gen/strum_open.acp	strum_open	0	0	1	0	0	0	20	1	1	98	98	0	0
charsys/nu_metal/anims/finger/gen/finger_chord_bar.acp	finger_chord_bar	0	0	1	0	0	0	17	1	1	80	80	0	0
charsys/nu_metal/anims/finger/gen/finger_vibrato_index.acp	finger_vibrato_index	5	9	1	28	252	0	12	1	1	52	52	0	0
charsys/nu_metal/anims/finger/gen/strum_down_long.acp	strum_down_long	18	31	1	88	2728	0	2	1	1	10	10	0	0
charsys/nu_metal/anims/finger/gen/strum_pluck_short.acp	strum_pluck_short	3	7	1	22	154	0	17	1	1	76	76	0	0
charsys/nu_metal/anims/finger/gen/finger_vibrato_pinky.acp	finger_vibrato_pinky	9	9	1	48	432	0	8	1	1	32	32	0	0
charsys/nu_metal/anims/finger/gen/finger_vibrato_pinky_hi.acp	finger_vibrato_pinky_hi	11	9	1	68	612	0	6	1	1	12	12	0	0
charsys/nu_metal/anims/finger/gen/finger_open.acp	finger_open	0	0	1	0	0	0	17	1	1	80	80	0	0
charsys/nu_metal/anims/finger/gen/finger_vibrato_ring.acp	finger_vibrato_ring	9	13	1	42	546	0	8	1	1	38	38	0	0
charsys/nu_metal/anims/finger/gen/finger_hold_index.acp	finger_hold_index	0	0	1	0	0	0	17	1	1	80	80	0	0
charsys/nu_metal/anims/finger/gen/finger_hold_ring.acp	finger_hold_ring	0	0	1	0	0	0	17	1	1	80	80	0	0
charsys/nu_metal/anims/finger/gen/finger_vibrato_ring_hi.acp	finger_vibrato_ring_hi	13	10	1	72	720	0	4	1	1	8	8	0	0
charsys/nu_metal/anims/finger/gen/finger_vibrato_index_hi.acp	finger_vibrato_index_hi	7	9	1	42	378	0	10	1	1	38	38	0	0
charsys/nu_metal/anims/finger/gen/finger_hold_pinky.acp	finger_hold_pinky	0	0	1	0	0	0	17	1	1	80	80	0	0
charsys/nu_metal/anims/finger/gen/finger_powerchord_2.acp	finger_powerchord_2	0	0	1	0	0	0	17	1	1	80	80	0	0
charsys/nu_metal/anims/finger/gen/finger_powerchord_1.acp	finger_powerchord_1	0	0	1	0	0	0	17	1	1	80	80	0	0
charsys/nu_metal/anims/finger/gen/finger_hold_ring_hi.acp	finger_hold_ring_hi	0	0	1	0	0	0	17	1	1	80	80	0	0
charsys/nu_metal/anims/finger/gen/finger_hold_middle_hi.acp	finger_hold_middle_hi	0	0	1	0	0	0	17	1	1	80	80	0	0
charsys/nu_metal/anims/finger/gen/finger_chord_openmajor.acp	finger_chord_openmajor	0	0	1	0	0	0	17	1	1	80	80	0	0
charsys/nu_metal/anims/finger/gen/finger_chord_dmajor.acp	finger_chord_dmajor	0	0	1	0	0	0	17	1	1	80	80	0	0
charsys/nu_metal/anims/finger/gen/finger_vibrato_middle.acp	finger_vibrato_middle	7	9	1	38	342	0	10	1	1	42	42	0	0
charsys/nu_metal/anims/finger/gen/finger_chord_seventh.acp	finger_chord_seventh	0	0	1	0	0	0	17	1	1	80	80	0	0
charsys/nu_metal/anims/finger/gen/finger_hold_middle.acp	finger_hold_middle	0	0	1	0	0	0	17	1	1	80	80	0	0
charsys/nu_metal/anims/finger/gen/finger_hold_pinky_hi.acp	finger_hold_pinky_hi	0	0	1	0	0	0	17	1	1	80	80	0	0
charsys/nu_metal/anims/finger/gen/finger_chord_cmajor.acp	finger_chord_cmajor	0	0	1	0	0	0	17	1	1	80	80	0	0
charsys/nu_metal/anims/finger/gen/finger_hold_index_hi.acp	finger_hold_index_hi	0	0	1	0	0	0	17	1	1	80	80	0	0
charsys/nu_metal/anims/finger/gen/strum_pluck_down.acp	strum_pluck_down	4	7	1	30	210	0	16	1	1	68	68	0	0
charsys/nu_metal/anims/finger/gen/finger_vibrato_middle_hi.acp	finger_vibrato_middle_hi	9	9	1	52	468	0	8	1	1	28	28	0	0
charsys/nu_metal/anims/finger/gen/finger_chord_openminor.acp	finger_chord_openminor	0	0	1	0	0	0	17	1	1	80	80	0	0
charsys/nu_metal/anims/finger/gen/strum_open.acp	strum_open	0	0	1	0	0	0	20	1	1	98	98	0	0
charsys/grim/anims/gen/grim_intro_02.acp	grim_intro_02	42	182	1	246	44772	2	17	1	1	76	76	0	0
charsys/grim/anims/gen/grim_intro_01.acp	grim_intro_01	53	121	1	304	36784	2	6	1	1	18	18	0	0
charsys/grim/anims/gen/grim_stop_left_90_fast.acp	grim_stop_left_90_fast	27	75	1	186	13950	2	32	1	1	136	136	0	0
charsys/grim/anims/gen/grim_extreme_medium_04.acp	grim_extreme_medium_04	24	243	1	168	40824	2	35	1	1	154	154	0	0
charsys/grim/anims/gen/grim_extreme_medium_03.acp	grim_extreme_medium_03	27	235	1	186	43710	2	32	1	1	136	136	0	0
charsys/grim/anims/gen/grim_extreme_medium_02.acp	grim_extreme_medium_02	26	185	1	178	32930	2	33	1	1	144	144	0	0
charsys/grim/anims/gen/grim_extreme_medium_01.acp	grim_extreme_medium_01	27	315	1	186	58590	2	32	1	1	136	136	0	0
charsys/grim/anims/gen/grim_walk_right_medium.acp	grim_walk_right_medium	27	107	1	186	19902	2	32	1	1	136	136	0	0
charsys/grim/anims/gen/grim_walk_forward_fast.acp	grim_walk_forward_fast	26	139	1	178	24742	2	33	1	1	144	144	0	0
charsys/grim/anims/gen/grim_turn_left_45_fast.acp	grim_turn_left_45_fast	27	67	1	186	12462	2	32	1	1	136	136	0	0
charsys/grim/anims/gen/grim_walk_normal_right_fast.acp	grim_walk_normal_right_fast	27	94	1	186	17484	2	32	1	1	136	136	0	0
charsys/grim/anims/gen/grim_turn_backward_medium.acp	grim_turn_backward_medium	27	84	1	186	15624	2	32	1	1	136	136	0	0
charsys/grim/anims/gen/grim_idle_fast.acp	grim_idle_fast	23	152	1	166	25232	2	36	1	1	156	156	0	0
charsys/grim/anims/gen/grim_turn_left_135_fast.acp	grim_turn_left_135_fast	28	71	1	194	13774	2	31	1	1	128	128	0	0
charsys/grim/anims/gen/grim_walk_left_fast.acp	grim_walk_left_fast	27	119	1	186	22134	2	32	1	1	136	136	0	0
charsys/grim/anims/gen/grim_stand_fast_02.acp	grim_stand_fast_02	46	155	1	266	41230	2	13	1	1	56	56	0	0
charsys/grim/anims/gen/grim_stand_fast_01.acp	grim_stand_fast_01	47	158	1	280	44240	2	12	1	1	42	42	0	0
charsys/grim/anims/gen/grim_turn_right_90_fast.acp	grim_turn_right_90_fast	27	86	1	186	15996	2	32	1	1	136	136	0	0
charsys/grim/anims/gen/grim_stop_backward_fast.acp	grim_stop_backward_fast	27	67	1	186	12462	2	32	1	1	136	136	0	0
charsys/grim/anims/gen/grim_special_02.acp	grim_special_02	44	149	1	238	35462	2	15	1	1	84	84	0	0
charsys/grim/anims/gen/grim_special_01.acp	grim_special_01	57	173	1	312	53976	2	2	1	1	10	10	0	0
charsys/grim/anims/gen/grim_extreme_fast_04.acp	grim_extreme_fast_04	27	188	1	186	34968	2	32	1	1	136	136	0	0
charsys/grim/anims/gen/grim_extreme_fast_03.acp	grim_extreme_fast_03	24	209	1	168	35112	2	35	1	1	154	154	0	0
charsys/grim/anims/gen/grim_extreme_fast_02.acp	grim_extreme_fast_02	24	250	1	168	42000	2	35	1	1	154	154	0	0
charsys/grim/anims/gen/grim_idle_medium.acp	grim_idle_medium	24	152	1	168	25536	2	35	1	1	154	154	0	0
charsys/grim/anims/gen/grim_stop_forward_fast.acp	grim_stop_forward_fast	27	59	1	186	10974	2	32	1	1	136	136	0	0
charsys/grim/anims/gen/grim_extreme_fast_01.acp	grim_extreme_fast_01	27	279	1	186	51894	2	32	1	1	136	136	0	0
charsys/grim/anims/gen/grim_stop_left_135_medium.acp	grim_stop_left_135_medium	27	83	1	186	15438	2	32	1	1	136	136	0	0
charsys/grim/anims/gen/grim_stand_medium_02.acp	grim_stand_medium_02	23	220	1	160	35200	2	36	1	1	162	162	0	0
charsys/grim/anims/gen/grim_stand_medium_01.acp	grim_stand_medium_01	24	195	1	168	32760	2	35	1	1	154	154	0	0
charsys/grim/anims/gen/grim_turn_forward_medium.acp	grim_turn_forward_medium	27	77	1	186	14322	2	32	1	1	136	136	0	0
charsys/grim/anims/gen/grim_turn_right_135_fast.acp	grim_turn_right_135_fast	27	67	1	186	12462	2	32	1	1	136	136	0	0
charsys/grim/anims/gen/grim_walk_normal_forward_medium.acp	grim_walk_normal_forward_medium	27	179	1	186	33294	2	32	1	1	136	136	0	0
charsys/grim/anims/gen/grim_stop_left_45_medium.acp	grim_stop_left_45_medium	27	86	1	186	15996	2	32	1	1	136	136	0	0
charsys/grim/anims/gen/grim_walk_left_medium.acp	grim_walk_left_medium	26	121	1	178	21538	2	33	1	1	144	144	0	0
charsys/grim/anims/gen/grim_walk_right_fast.acp	grim_walk_right_fast	26	113	1	178	20114	2	33	1	1	144	144	0	0
charsys/grim/anims/gen/grim_turn_left_90_fast.acp	grim_turn_left_90_fast	28	91	1	194	17654	2	31	1	1	128	128	0	0
charsys/grim/anims/gen/grim_stop_right_45_medium.acp	grim_stop_right_45_medium	27	89	1	186	16554	2	32	1	1	136	136	0	0
charsys/grim/anims/gen/grim_walk_normal_backward_fast.acp	grim_walk_normal_backward_fast	27	119	1	186	22134	2	32	1	1	136	136	0	0
charsys/grim/anims/gen/grim_stop_left_90_medium.acp	grim_stop_left_90_medium	27	83	1	186	15438	2	32	1	1	136	136	0	0
charsys/grim/anims/gen/grim_turn_left_180_fast.acp	grim_turn_left_180_fast	27	66	1	186	12276	2	32	1	1	136	136	0	0
charsys/grim/anims/gen/grim_stop_right_90_medium.acp	grim_stop_right_90_medium	28	78	1	194	15132	2	31	1	1	128	128	0	0
charsys/grim/anims/gen/grim_turn_backward_fast.acp	grim_turn_backward_fast	27	68	1	186	12648	2	32	1	1	136	136	0	0
charsys/grim/anims/gen/grim_walk_backward_fast.acp	grim_walk_backward_fast	26	171	1	178	30438	2	33	1	1	144	144	0	0
charsys/grim/anims/gen/grim_stand_bad.acp	grim_stand_bad	27	242	1	186	45012	2	32	1	1	136	136	0	0
charsys/grim/anims/gen/grim_walk_normal_left_fast.acp	grim_walk_normal_left_fast	27	95	1	186	17670	2	32	1	1	136	136	0	0
charsys/grim/anims/gen/grim_stop_right_45_fast.acp	grim_stop_right_45_fast	29	72	1	202	14544	2	30	1	1	120	120	0	0
charsys/grim/anims/gen/grim_stop_right_135_medium.acp	grim_stop_right_135_medium	29	70	1	202	14140	2	30	1	1	120	120	0	0
charsys/grim/anims/gen/grim_stop_left_45_fast.acp	grim_stop_left_45_fast	27	68	1	186	12648	2	32	1	1	136	136	0	0
charsys/grim/anims/gen/grim_win_final.acp	grim_win_final	58	551	1	314	173014	2	1	1	1	8	8	0	0
charsys/grim/anims/gen/grim_turn_right_135_medium.acp	grim_turn_right_135_medium	27	75	1	186	13950	2	32	1	1	136	136	0	0
charsys/grim/anims/gen/grim_walk_forward_medium.acp	grim_walk_forward_medium	27	123	1	186	22878	2	32	1	1	136	136	0	0
charsys/grim/anims/gen/grim_turn_right_180_fast.acp	grim_turn_right_180_fast	27	82	1	186	15252	2	32	1	1	136	136	0	0
charsys/grim/anims/gen/grim_turn_left_135_medium.acp	grim_turn_left_135_medium	28	77	1	194	14938	2	31	1	1	128	128	0	0
charsys/grim/anims/gen/grim_walk_normal_left_medium.acp	grim_walk_normal_left_medium	27	147	1	186	27342	2	32	1	1	136	136	0	0
charsys/grim/anims/gen/grim_walk_backward_medium.acp	grim_walk_backward_medium	26	165	1	178	29370	2	33	1	1	144	144	0	0
charsys/grim/anims/gen/grim_turn_forward_fast.acp	grim_turn_forward_fast	27	86	1	186	15996	2	32	1	1	136	136	0	0
charsys/grim/anims/gen/grim_turn_right_180_medium.acp	grim_turn_right_180_medium	27	78	1	186	14508	2	32	1	1	136	136	0	0
charsys/grim/anims/gen/grim_stop_backward_medium.acp	grim_stop_backward_medium	27	85	1	186	15810	2	32	1	1	136	136	0	0
charsys/grim/anims/gen/grim_turn_left_180_medium.acp	grim_turn_left_180_medium	27	86	1	186	15996	2	32	1	1	136	136	0	0
charsys/grim/anims/gen/grim_lose_03.acp	grim_lose_03	40	161	1	236	37996	2	19	1	1	86	86	0	0
charsys/grim/anims/gen/grim_lose_02.acp	grim_lose_02	54	228	1	300	68400	2	5	1	1	22	22	0	0
charsys/grim/anims/gen/grim_turn_right_45_medium.acp	grim_turn_right_45_medium	27	71	1	186	13206	2	32	1	1	136	136	0	0
charsys/grim/anims/gen/grim_walk_normal_backward_medium.acp	grim_walk_normal_backward_medium	27	206	1	186	38316	2	32	1	1	136	136	0	0
charsys/grim/anims/gen/grim_turn_left_45_medium.acp	grim_turn_left_45_medium	27	76	1	186	14136	2	32	1	1	136	136	0	0
charsys/grim/anims/gen/grim_stop_left_135_fast.acp	grim_stop_left_135_fast	27	74	1	186	13764	2	32	1	1	136	136	0	0
charsys/grim/anims/gen/grim_turn_right_45_fast.acp	grim_turn_right_45_fast	27	72	1	186	13392	2	32	1	1	136	136	0	0
charsys/grim/anims/gen/grim_walk_normal_right_medium.acp	grim_walk_normal_right_medium	27	136	1	186	25296	2	32	1	1	136	136	0	0
charsys/grim/anims/gen/grim_walk_normal_forward_fast.acp	grim_walk_normal_forward_fast	27	102	1	186	18972	2	32	1	1	136	136	0	0
charsys/grim/anims/gen/grim_win_02.acp	grim_win_02	57	177	1	306	54162	2	2	1	1	16	16	0	0
charsys/grim/anims/gen/grim_turn_right_90_medium.acp	grim_turn_right_90_medium	27	70	1	186	13020	2	32	1	1	136	136	0	0
charsys/grim/anims/gen/grim_win_01.acp	grim_win_01	54	125	1	300	37500	2	5	1	1	22	22	0	0
charsys/grim/anims/gen/grim_stop_forward_medium.acp	grim_stop_forward_medium	27	79	1	186	14694	2	32	1	1	136	136	0	0
charsys/grim/anims/gen/grim_stop_right_135_fast.acp	grim_stop_right_135_fast	28	76	1	194	14744	2	31	1	1	128	128	0	0
charsys/grim/anims/gen/grim_turn_left_90_medium.acp	grim_turn_left_90_medium	27	83	1	186	15438	2	32	1	1	136	136	0	0
charsys/grim/anims/gen/grim_stop_right_90_fast.acp	grim_stop_right_90_fast	27	75	1	186	13950	2	32	1	1	136	136	0	0
charsys/metal_drummer/anims/gen/drummer_idle.acp	drummer_idle	21	141	1	136	19176	0	3	1	1	6	6	0	0
charsys/metal_drummer/anims/gen/drummer_active_fast_double.acp	drummer_active_fast_double	18	127	1	118	14986	0	6	1	1	24	24	0	0
charsys/metal_drummer/anims/gen/drummer_active_fast_half.acp	drummer_active_fast_half	18	151	1	118	17818	0	6	1	1	24	24	0	0
charsys/metal_drummer/anims/gen/drummer_active_medium_double.acp	drummer_active_medium_double	18	141	1	112	15792	0	6	1	1	30	30	0	0
charsys/metal_drummer/anims/gen/drummer_active_fast_normal.acp	drummer_active_fast_normal	18	127	1	118	14986	0	6	1	1	24	24	0	0
charsys/metal_drummer/anims/gen/drummer_active_medium_normal.acp	drummer_active_medium_normal	20	141	1	128	18048	0	4	1	1	14	14	0	0
charsys/metal_drummer/anims/gen/drummer_active_fast_allbeat.acp	drummer_active_fast_allbeat	18	127	1	118	14986	0	6	1	1	24	24	0	0
charsys/metal_drummer/anims/gen/drummer_win.acp	drummer_win	21	300	1	136	40800	0	3	1	1	6	6	0	0
charsys/metal_drummer/anims/gen/drummer_active_medium_half.acp	drummer_active_medium_half	20	173	1	128	22144	0	4	1	1	14	14	0	0
charsys/metal_drummer/anims/gen/drummer_active_medium_allbeat.acp	drummer_active_medium_allbeat	20	141	1	128	18048	0	4	1	1	14	14	0	0
charsys/metal_drummer/anims/gen/drummer_lose.acp	drummer_lose	21	301	1	136	40936	0	3	1	1	6	6	0	0
charsys/metal_singer/anims/gen/singer_active_fast.acp	singer_active_fast	22	277	1	144	39888	0	4	1	1	30	30	0	0
charsys/metal_singer/anims/gen/singer_lose.acp	singer_lose	23	301	1	156	46956	0	3	1	1	18	18	0	0
charsys/metal_singer/anims/gen/singer_active_medium.acp	singer_active_medium	24	319	1	164	52316	0	2	1	1	10	10	0	0
charsys/metal_singer/anims/gen/singer_idle.acp	singer_idle	22	226	1	144	32544	0	4	1	1	30	30	0	0
charsys/metal_singer/anims/gen/singer_win.acp	singer_win	23	301	1	156	46956	0	3	1	1	18	18	0	0
charsys/metal/anims/gen/metal_walk_normal_left_medium.acp	metal_walk_normal_left_medium	26	141	1	178	25098	2	31	1	1	128	128	0	0
charsys/metal/anims/gen/metal_intro_02.acp	metal_intro_02	40	182	1	236	42952	2	17	1	1	70	70	0	0
charsys/metal/anims/gen/metal_intro_01.acp	metal_intro_01	40	217	1	230	49910	2	17	1	1	76	76	0	0
charsys/metal/anims/gen/metal_stop_left_45_fast.acp	metal_stop_left_45_fast	25	68	1	176	11968	2	32	1	1	130	130	0	0
charsys/metal/anims/gen/metal_stop_left_135_medium.acp	metal_stop_left_135_medium	26	83	1	178	14774	2	31	1	1	128	128	0	0
charsys/metal/anims/gen/metal_turn_forward_fast.acp	metal_turn_forward_fast	26	81	1	178	14418	2	31	1	1	128	128	0	0
charsys/metal/anims/gen/metal_walk_normal_left_fast.acp	metal_walk_normal_left_fast	26	91	1	178	16198	2	31	1	1	128	128	0	0
charsys/metal/anims/gen/metal_stand_fast_03.acp	metal_stand_fast_03	19	145	1	140	20300	2	38	1	1	166	166	0	0
charsys/metal/anims/gen/metal_stand_fast_02.acp	metal_stand_fast_02	30	145	1	192	27840	2	27	1	1	114	114	0	0
charsys/metal/anims/gen/metal_extreme_fast_04.acp	metal_extreme_fast_04	26	279	1	178	49662	2	31	1	1	128	128	0	0
charsys/metal/anims/gen/metal_stop_right_135_medium.acp	metal_stop_right_135_medium	26	70	1	178	12460	2	31	1	1	128	128	0	0
charsys/metal/anims/gen/metal_extreme_fast_03.acp	metal_extreme_fast_03	26	172	1	178	30616	2	31	1	1	128	128	0	0
charsys/metal/anims/gen/metal_walk_forward_medium.acp	metal_walk_forward_medium	26	102	1	178	18156	2	31	1	1	128	128	0	0
charsys/metal/anims/gen/metal_turn_right_180_fast.acp	metal_turn_right_180_fast	26	82	1	178	14596	2	31	1	1	128	128	0	0
charsys/metal/anims/gen/metal_extreme_fast_01.acp	metal_extreme_fast_01	25	250	1	170	42500	2	32	1	1	136	136	0	0
charsys/metal/anims/gen/metal_stop_right_45_medium.acp	metal_stop_right_45_medium	26	89	1	178	15842	2	31	1	1	128	128	0	0
charsys/metal/anims/gen/metal_walk_left_medium.acp	metal_walk_left_medium	25	72	1	176	12672	2	32	1	1	130	130	0	0
charsys/metal/anims/gen/metal_stand_medium_03.acp	metal_stand_medium_03	23	154	1	160	24640	2	34	1	1	146	146	0	0
charsys/metal/anims/gen/metal_stand_medium_02.acp	metal_stand_medium_02	23	220	1	160	35200	2	34	1	1	146	146	0	0
charsys/metal/anims/gen/metal_stop_left_135_fast.acp	metal_stop_left_135_fast	26	74	1	178	13172	2	31	1	1	128	128	0	0
charsys/metal/anims/gen/metal_stand_medium_01.acp	metal_stand_medium_01	23	195	1	160	31200	2	34	1	1	146	146	0	0
charsys/metal/anims/gen/metal_turn_right_135_medium.acp	metal_turn_right_135_medium	26	75	1	178	13350	2	31	1	1	128	128	0	0
charsys/metal/anims/gen/metal_turn_right_45_fast.acp	metal_turn_right_45_fast	26	72	1	178	12816	2	31	1	1	128	128	0	0
charsys/metal/anims/gen/metal_stop_right_90_medium.acp	metal_stop_right_90_medium	26	78	1	178	13884	2	31	1	1	128	128	0	0
charsys/metal/anims/gen/metal_turn_right_180_medium.acp	metal_turn_right_180_medium	26	78	1	178	13884	2	31	1	1	128	128	0	0
charsys/metal/anims/gen/metal_stop_right_90_fast.acp	metal_stop_right_90_fast	26	75	1	178	13350	2	31	1	1	128	128	0	0
charsys/metal/anims/gen/metal_idle_fast.acp	metal_idle_fast	22	152	1	158	24016	2	35	1	1	148	148	0	0
charsys/metal/anims/gen/metal_win_03.acp	metal_win_03	53	177	1	280	49560	2	4	1	1	26	26	0	0
charsys/metal/anims/gen/metal_walk_right_fast.acp	metal_walk_right_fast	26	47	1	178	8366	2	31	1	1	128	128	0	0
charsys/metal/anims/gen/metal_win_02.acp	metal_win_02	52	247	1	278	68666	2	5	1	1	28	28	0	0
charsys/metal/anims/gen/metal_win_01.acp	metal_win_01	50	168	1	286	48048	2	7	1	1	20	20	0	0
charsys/metal/anims/gen/metal_turn_left_45_medium.acp	metal_turn_left_45_medium	26	76	1	178	13528	2	31	1	1	128	128	0	0
charsys/metal/anims/gen/metal_stop_left_90_fast.acp	metal_stop_left_90_fast	26	75	1	178	13350	2	31	1	1	128	128	0	0
charsys/metal/anims/gen/metal_stop_forward_medium.acp	metal_stop_forward_medium	26	79	1	178	14062	2	31	1	1	128	128	0	0
charsys/metal/anims/gen/metal_stop_right_135_fast.acp	metal_stop_right_135_fast	26	78	1	178	13884	2	31	1	1	128	128	0	0
charsys/metal/anims/gen/metal_turn_left_90_medium.acp	metal_turn_left_90_medium	26	83	1	178	14774	2	31	1	1	128	128	0	0
charsys/metal/anims/gen/metal_extreme_medium_04.acp	metal_extreme_medium_04	26	277	1	178	49306	2	31	1	1	128	128	0	0
charsys/metal/anims/gen/metal_extreme_medium_03.acp	metal_extreme_medium_03	24	214	1	162	34668	2	33	1	1	144	144	0	0
charsys/metal/anims/gen/metal_turn_left_135_medium.acp	metal_turn_left_135_medium	26	77	1	178	13706	2	31	1	1	128	128	0	0
charsys/metal/anims/gen/metal_extreme_medium_02.acp	metal_extreme_medium_02	25	220	1	170	37400	2	32	1	1	136	136	0	0
charsys/metal/anims/gen/metal_extreme_medium_01.acp	metal_extreme_medium_01	26	256	1	178	45568	2	31	1	1	128	128	0	0
charsys/metal/anims/gen/metal_walk_backward_medium.acp	metal_walk_backward_medium	25	146	1	170	24820	2	32	1	1	136	136	0	0
charsys/metal/anims/gen/metal_walk_right_medium.acp	metal_walk_right_medium	25	67	1	170	11390	2	32	1	1	136	136	0	0
charsys/metal/anims/gen/metal_walk_forward_fast.acp	metal_walk_forward_fast	26	85	1	178	15130	2	31	1	1	128	128	0	0
charsys/metal/anims/gen/metal_walk_normal_forward_medium.acp	metal_walk_normal_forward_medium	26	179	1	178	31862	2	31	1	1	128	128	0	0
charsys/metal/anims/gen/metal_turn_left_45_fast.acp	metal_turn_left_45_fast	26	67	1	178	11926	2	31	1	1	128	128	0	0
charsys/metal/anims/gen/metal_idle_medium.acp	metal_idle_medium	23	152	1	160	24320	2	34	1	1	146	146	0	0
charsys/metal/anims/gen/metal_turn_left_135_fast.acp	metal_turn_left_135_fast	26	71	1	178	12638	2	31	1	1	128	128	0	0
charsys/metal/anims/gen/metal_stop_backward_medium.acp	metal_stop_backward_medium	26	85	1	178	15130	2	31	1	1	128	128	0	0
charsys/metal/anims/gen/metal_turn_left_180_medium.acp	metal_turn_left_180_medium	26	86	1	178	15308	2	31	1	1	128	128	0	0
charsys/metal/anims/gen/metal_walk_normal_backward_medium.acp	metal_walk_normal_backward_medium	26	206	1	178	36668	2	31	1	1	128	128	0	0
charsys/metal/anims/gen/metal_turn_right_90_fast.acp	metal_turn_right_90_fast	26	86	1	178	15308	2	31	1	1	128	128	0	0
charsys/metal/anims/gen/metal_turn_right_45_medium.acp	metal_turn_right_45_medium	26	71	1	178	12638	2	31	1	1	128	128	0	0
charsys/metal/anims/gen/metal_stop_backward_fast.acp	metal_stop_backward_fast	26	68	1	178	12104	2	31	1	1	128	128	0	0
charsys/metal/anims/gen/metal_walk_left_fast.acp	metal_walk_left_fast	26	63	1	178	11214	2	31	1	1	128	128	0	0
charsys/metal/anims/gen/metal_turn_right_90_medium.acp	metal_turn_right_90_medium	26	70	1	178	12460	2	31	1	1	128	128	0	0
charsys/metal/anims/gen/metal_special_02.acp	metal_special_02	51	104	1	282	29328	2	6	1	1	24	24	0	0
charsys/metal/anims/gen/metal_stop_forward_fast.acp	metal_stop_forward_fast	26	59	1	178	10502	2	31	1	1	128	128	0	0
charsys/metal/anims/gen/metal_special_01.acp	metal_special_01	55	157	1	296	46472	2	2	1	1	10	10	0	0
charsys/metal/anims/gen/metal_walk_normal_right_medium.acp	metal_walk_normal_right_medium	26	136	1	178	24208	2	31	1	1	128	128	0	0
charsys/metal/anims/gen/metal_walk_normal_forward_fast.acp	metal_walk_normal_forward_fast	26	96	1	178	17088	2	31	1	1	128	128	0	0
charsys/metal/anims/gen/metal_walk_normal_backward_fast.acp	metal_walk_normal_backward_fast	26	119	1	178	21182	2	31	1	1	128	128	0	0
charsys/metal/anims/gen/metal_walk_normal_right_fast.acp	metal_walk_normal_right_fast	26	92	1	178	16376	2	31	1	1	128	128	0	0
charsys/metal/anims/gen/metal_stand_bad.acp	metal_stand_bad	25	242	1	170	41140	2	32	1	1	136	136	0	0
charsys/metal/anims/gen/metal_turn_left_90_fast.acp	metal_turn_left_90_fast	26	86	1	178	15308	2	31	1	1	128	128	0	0
charsys/metal/anims/gen/metal_win_final.acp	metal_win_final	55	551	1	290	159790	2	2	1	1	16	16	0	0
charsys/metal/anims/gen/metal_turn_left_180_fast.acp	metal_turn_left_180_fast	26	66	1	178	11748	2	31	1	1	128	128	0	0
charsys/metal/anims/gen/metal_turn_forward_medium.acp	metal_turn_forward_medium	26	77	1	178	13706	2	31	1	1	128	128	0	0
charsys/metal/anims/gen/metal_turn_right_135_fast.acp	metal_turn_right_135_fast	26	67	1	178	11926	2	31	1	1	128	128	0	0
charsys/metal/anims/gen/metal_lose_03.acp	metal_lose_03	39	283	1	240	67920	2	18	1	1	66	66	0	0
charsys/metal/anims/gen/metal_lose_02.acp	metal_lose_02	26	228	1	178	40584	2	31	1	1	128	128	0	0
charsys/metal/anims/gen/metal_lose_01.acp	metal_lose_01	39	161	1	252	40572	2	18	1	1	54	54	0	0
charsys/metal/anims/gen/metal_turn_backward_fast.acp	metal_turn_backward_fast	26	68	1	178	12104	2	31	1	1	128	128	0	0
charsys/metal/anims/gen/metal_turn_backward_medium.acp	metal_turn_backward_medium	26	84	1	178	14952	2	31	1	1	128	128	0	0
charsys/metal/anims/gen/metal_walk_backward_fast.acp	metal_walk_backward_fast	25	116	1	170	19720	2	32	1	1	136	136	0	0
charsys/metal/anims/gen/metal_stop_left_45_medium.acp	metal_stop_left_45_medium	26	86	1	178	15308	2	31	1	1	128	128	0	0
charsys/metal/anims/gen/metal_stop_right_45_fast.acp	metal_stop_right_45_fast	26	72	1	178	12816	2	31	1	1	128	128	0	0
charsys/metal/anims/gen/metal_stop_left_90_medium.acp	metal_stop_left_90_medium	26	83	1	178	14774	2	31	1	1	128	128	0	0
charsys/hiphop/anims/gen/hiphop_walk_normal_left_medium.acp	hiphop_walk_normal_left_medium	30	133	1	210	27930	2	31	1	1	128	128	0	0
charsys/hiphop/anims/gen/hiphop_walk_normal_backward_medium.acp	hiphop_walk_normal_backward_medium	30	206	1	210	43260	2	31	1	1	128	128	0	0
charsys/hiphop/anims/gen/hiphop_idle_medium.acp	hiphop_idle_medium	27	152	1	192	29184	2	34	1	1	146	146	0	0
charsys/hiphop/anims/gen/hiphop_idle_fast.acp	hiphop_idle_fast	26	152	1	190	28880	2	35	1	1	148	148	0	0
charsys/hiphop/anims/gen/hiphop_walk_normal_backward_fast.acp	hiphop_walk_normal_backward_fast	30	119	1	210	24990	2	31	1	1	128	128	0	0
charsys/hiphop/anims/gen/hiphop_turn_left_45_medium.acp	hiphop_turn_left_45_medium	30	76	1	210	15960	2	31	1	1	128	128	0	0
charsys/hiphop/anims/gen/hiphop_stop_forward_medium.acp	hiphop_stop_forward_medium	30	79	1	210	16590	2	31	1	1	128	128	0	0
charsys/hiphop/anims/gen/hiphop_stop_right_135_fast.acp	hiphop_stop_right_135_fast	30	76	1	210	15960	2	31	1	1	128	128	0	0
charsys/hiphop/anims/gen/hiphop_stop_forward_fast.acp	hiphop_stop_forward_fast	30	59	1	210	12390	2	31	1	1	128	128	0	0
charsys/hiphop/anims/gen/hiphop_turn_left_135_fast.acp	hiphop_turn_left_135_fast	30	71	1	210	14910	2	31	1	1	128	128	0	0
charsys/hiphop/anims/gen/hiphop_stand_fast_02.acp	hiphop_stand_fast_02	49	155	1	290	44950	2	12	1	1	48	48	0	0
charsys/hiphop/anims/gen/hiphop_stand_fast_01.acp	hiphop_stand_fast_01	24	145	1	174	25230	2	37	1	1	164	164	0	0
charsys/hiphop/anims/gen/hiphop_turn_left_90_medium.acp	hiphop_turn_left_90_medium	30	83	1	210	17430	2	31	1	1	128	128	0	0
charsys/hiphop/anims/gen/hiphop_turn_backward_medium.acp	hiphop_turn_backward_medium	30	84	1	210	17640	2	31	1	1	128	128	0	0
charsys/hiphop/anims/gen/hiphop_turn_right_90_fast.acp	hiphop_turn_right_90_fast	30	86	1	210	18060	2	31	1	1	128	128	0	0
charsys/hiphop/anims/gen/hiphop_stop_backward_fast.acp	hiphop_stop_backward_fast	30	68	1	210	14280	2	31	1	1	128	128	0	0
charsys/hiphop/anims/gen/hiphop_turn_left_90_fast.acp	hiphop_turn_left_90_fast	30	86	1	210	18060	2	31	1	1	128	128	0	0
charsys/hiphop/anims/gen/hiphop_walk_left_medium.acp	hiphop_walk_left_medium	29	109	1	202	22018	2	32	1	1	136	136	0	0
charsys/hiphop/anims/gen/hiphop_lose_03.acp	hiphop_lose_03	49	161	1	296	47656	2	12	1	1	42	42	0	0
charsys/hiphop/anims/gen/hiphop_lose_02.acp	hiphop_lose_02	57	228	1	324	73872	2	4	1	1	14	14	0	0
charsys/hiphop/anims/gen/hiphop_stop_left_135_medium.acp	hiphop_stop_left_135_medium	30	83	1	210	17430	2	31	1	1	128	128	0	0
charsys/hiphop/anims/gen/hiphop_win_02.acp	hiphop_win_02	59	177	1	322	56994	2	2	1	1	16	16	0	0
charsys/hiphop/anims/gen/hiphop_win_01.acp	hiphop_win_01	51	143	1	300	42900	2	10	1	1	38	38	0	0
charsys/hiphop/anims/gen/hiphop_stand_bad.acp	hiphop_stand_bad	30	242	1	210	50820	2	31	1	1	128	128	0	0
charsys/hiphop/anims/gen/hiphop_stop_right_45_medium.acp	hiphop_stop_right_45_medium	30	89	1	210	18690	2	31	1	1	128	128	0	0
charsys/hiphop/anims/gen/hiphop_turn_left_180_fast.acp	hiphop_turn_left_180_fast	30	66	1	210	13860	2	31	1	1	128	128	0	0
charsys/hiphop/anims/gen/hiphop_stop_left_45_fast.acp	hiphop_stop_left_45_fast	30	68	1	210	14280	2	31	1	1	128	128	0	0
charsys/hiphop/anims/gen/hiphop_turn_backward_fast.acp	hiphop_turn_backward_fast	30	68	1	210	14280	2	31	1	1	128	128	0	0
charsys/hiphop/anims/gen/hiphop_stop_right_90_medium.acp	hiphop_stop_right_90_medium	30	78	1	210	16380	2	31	1	1	128	128	0	0
charsys/hiphop/anims/gen/hiphop_walk_backward_fast.acp	hiphop_walk_backward_fast	29	169	1	202	34138	2	32	1	1	136	136	0	0
charsys/hiphop/anims/gen/hiphop_extreme_fast_04.acp	hiphop_extreme_fast_04	30	286	1	210	60060	2	31	1	1	128	128	0	0
charsys/hiphop/anims/gen/hiphop_walk_left_fast.acp	hiphop_walk_left_fast	30	110	1	210	23100	2	31	1	1	128	128	0	0
charsys/hiphop/anims/gen/hiphop_extreme_fast_03.acp	hiphop_extreme_fast_03	30	183	1	210	38430	2	31	1	1	128	128	0	0
charsys/hiphop/anims/gen/hiphop_extreme_fast_02.acp	hiphop_extreme_fast_02	30	200	1	210	42000	2	31	1	1	128	128	0	0
charsys/hiphop/anims/gen/hiphop_extreme_fast_01.acp	hiphop_extreme_fast_01	30	279	1	210	58590	2	31	1	1	128	128	0	0
charsys/hiphop/anims/gen/hiphop_walk_normal_forward_medium.acp	hiphop_walk_normal_forward_medium	30	179	1	210	37590	2	31	1	1	128	128	0	0
charsys/hiphop/anims/gen/hiphop_turn_forward_fast.acp	hiphop_turn_forward_fast	30	81	1	210	17010	2	31	1	1	128	128	0	0
charsys/hiphop/anims/gen/hiphop_win_final.acp	hiphop_win_final	59	551	1	322	177422	2	2	1	1	16	16	0	0
charsys/hiphop/anims/gen/hiphop_stand_medium_03.acp	hiphop_stand_medium_03	27	154	1	192	29568	2	34	1	1	146	146	0	0
charsys/hiphop/anims/gen/hiphop_stand_medium_02.acp	hiphop_stand_medium_02	27	220	1	192	42240	2	34	1	1	146	146	0	0
charsys/hiphop/anims/gen/hiphop_turn_forward_medium.acp	hiphop_turn_forward_medium	30	77	1	210	16170	2	31	1	1	128	128	0	0
charsys/hiphop/anims/gen/hiphop_turn_right_135_fast.acp	hiphop_turn_right_135_fast	30	67	1	210	14070	2	31	1	1	128	128	0	0
charsys/hiphop/anims/gen/hiphop_stand_medium_01.acp	hiphop_stand_medium_01	27	195	1	192	37440	2	34	1	1	146	146	0	0
charsys/hiphop/anims/gen/hiphop_stop_right_45_fast.acp	hiphop_stop_right_45_fast	30	72	1	210	15120	2	31	1	1	128	128	0	0
charsys/hiphop/anims/gen/hiphop_walk_normal_right_medium.acp	hiphop_walk_normal_right_medium	30	127	1	210	26670	2	31	1	1	128	128	0	0
charsys/hiphop/anims/gen/hiphop_walk_normal_forward_fast.acp	hiphop_walk_normal_forward_fast	30	97	1	210	20370	2	31	1	1	128	128	0	0
charsys/hiphop/anims/gen/hiphop_stop_left_45_medium.acp	hiphop_stop_left_45_medium	30	86	1	210	18060	2	31	1	1	128	128	0	0
charsys/hiphop/anims/gen/hiphop_intro_02.acp	hiphop_intro_02	43	182	1	266	48412	2	18	1	1	72	72	0	0
charsys/hiphop/anims/gen/hiphop_intro_01.acp	hiphop_intro_01	45	217	1	270	58590	2	16	1	1	68	68	0	0
charsys/hiphop/anims/gen/hiphop_walk_normal_left_fast.acp	hiphop_walk_normal_left_fast	30	82	1	210	17220	2	31	1	1	128	128	0	0
charsys/hiphop/anims/gen/hiphop_walk_right_fast.acp	hiphop_walk_right_fast	29	108	1	202	21816	2	32	1	1	136	136	0	0
charsys/hiphop/anims/gen/hiphop_stop_left_90_medium.acp	hiphop_stop_left_90_medium	30	83	1	210	17430	2	31	1	1	128	128	0	0
charsys/hiphop/anims/gen/hiphop_turn_left_135_medium.acp	hiphop_turn_left_135_medium	30	77	1	210	16170	2	31	1	1	128	128	0	0
charsys/hiphop/anims/gen/hiphop_stop_right_135_medium.acp	hiphop_stop_right_135_medium	30	70	1	210	14700	2	31	1	1	128	128	0	0
charsys/hiphop/anims/gen/hiphop_walk_backward_medium.acp	hiphop_walk_backward_medium	29	166	1	202	33532	2	32	1	1	136	136	0	0
charsys/hiphop/anims/gen/hiphop_turn_right_135_medium.acp	hiphop_turn_right_135_medium	30	75	1	210	15750	2	31	1	1	128	128	0	0
charsys/hiphop/anims/gen/hiphop_stop_backward_medium.acp	hiphop_stop_backward_medium	30	85	1	210	17850	2	31	1	1	128	128	0	0
charsys/hiphop/anims/gen/hiphop_turn_left_180_medium.acp	hiphop_turn_left_180_medium	30	86	1	210	18060	2	31	1	1	128	128	0	0
charsys/hiphop/anims/gen/hiphop_turn_right_180_medium.acp	hiphop_turn_right_180_medium	30	78	1	210	16380	2	31	1	1	128	128	0	0
charsys/hiphop/anims/gen/hiphop_stop_left_90_fast.acp	hiphop_stop_left_90_fast	30	75	1	210	15750	2	31	1	1	128	128	0	0
charsys/hiphop/anims/gen/hiphop_stop_left_135_fast.acp	hiphop_stop_left_135_fast	30	74	1	210	15540	2	31	1	1	128	128	0	0
charsys/hiphop/anims/gen/hiphop_turn_right_45_medium.acp	hiphop_turn_right_45_medium	30	71	1	210	14910	2	31	1	1	128	128	0	0
charsys/hiphop/anims/gen/hiphop_turn_right_45_fast.acp	hiphop_turn_right_45_fast	30	72	1	210	15120	2	31	1	1	128	128	0	0
charsys/hiphop/anims/gen/hiphop_extreme_medium_04.acp	hiphop_extreme_medium_04	30	227	1	210	47670	2	31	1	1	128	128	0	0
charsys/hiphop/anims/gen/hiphop_extreme_medium_03.acp	hiphop_extreme_medium_03	30	235	1	210	49350	2	31	1	1	128	128	0	0
charsys/hiphop/anims/gen/hiphop_extreme_medium_02.acp	hiphop_extreme_medium_02	30	227	1	210	47670	2	31	1	1	128	128	0	0
charsys/hiphop/anims/gen/hiphop_walk_normal_right_fast.acp	hiphop_walk_normal_right_fast	30	85	1	210	17850	2	31	1	1	128	128	0	0
charsys/hiphop/anims/gen/hiphop_extreme_medium_01.acp	hiphop_extreme_medium_01	30	315	1	210	66150	2	31	1	1	128	128	0	0
charsys/hiphop/anims/gen/hiphop_turn_right_90_medium.acp	hiphop_turn_right_90_medium	30	70	1	210	14700	2	31	1	1	128	128	0	0
charsys/hiphop/anims/gen/hiphop_walk_forward_medium.acp	hiphop_walk_forward_medium	30	118	1	210	24780	2	31	1	1	128	128	0	0
charsys/hiphop/anims/gen/hiphop_turn_right_180_fast.acp	hiphop_turn_right_180_fast	30	82	1	210	17220	2	31	1	1	128	128	0	0
charsys/hiphop/anims/gen/hiphop_walk_right_medium.acp	hiphop_walk_right_medium	30	97	1	210	20370	2	31	1	1	128	128	0	0
charsys/hiphop/anims/gen/hiphop_walk_forward_fast.acp	hiphop_walk_forward_fast	29	144	1	202	29088	2	32	1	1	136	136	0	0
charsys/hiphop/anims/gen/hiphop_stop_right_90_fast.acp	hiphop_stop_right_90_fast	30	75	1	210	15750	2	31	1	1	128	128	0	0
charsys/hiphop/anims/gen/hiphop_turn_left_45_fast.acp	hiphop_turn_left_45_fast	30	67	1	210	14070	2	31	1	1	128	128	0	0
charsys/hiphop/anims/gen/hiphop_special_02.acp	hiphop_special_02	60	179	1	330	59070	2	1	1	1	8	8	0	0
charsys/hiphop/anims/gen/hiphop_special_01.acp	hiphop_special_01	58	207	1	326	67482	2	3	1	1	12	12	0	0
charsys/metal/anims/editor/gen/metal_idle_ui.acp	metal_idle_ui	49	247	1	268	66196	0	6	1	1	24	24	0	0
